{
	"__credit": "Generated using Animated Java (https://animated-java.dev/)",
	"textures": {
		"0": "minecraft:geek/robot/base"
	},
	"elements": [
		{
			"faces": {
				"north": {"uv": [2.5, 2.5, 5, 5], "texture": "#0"},
				"east": {"uv": [0, 2.5, 2.5, 5], "texture": "#0"},
				"south": {"uv": [7.5, 2.5, 10, 5], "texture": "#0"},
				"west": {"uv": [5, 2.5, 7.5, 5], "texture": "#0"},
				"up": {"uv": [5, 2.5, 2.5, 0], "texture": "#0"},
				"down": {"uv": [7.5, 0, 5, 2.5], "texture": "#0"}
			},
			"to": [9, 6, 9],
			"from": [7, 4, 7],
			"rotation": {"angle": 22.5, "axis": "x", "origin": [8, 5, 8]}
		},
		{
			"faces": {
				"north": {"uv": [9, 1.5, 10.5, 2], "texture": "#0"},
				"east": {"uv": [7.5, 1.5, 9, 2], "texture": "#0"},
				"south": {"uv": [12, 1.5, 13.5, 2], "texture": "#0"},
				"west": {"uv": [10.5, 1.5, 12, 2], "texture": "#0"},
				"up": {"uv": [10.5, 1.5, 9, 0], "texture": "#0"},
				"down": {"uv": [12, 0, 10.5, 1.5], "texture": "#0"}
			},
			"to": [8.6, 6.30866, 9.05922],
			"from": [7.4, 5.90866, 7.85922],
			"rotation": {"angle": 22.5, "axis": "x", "origin": [8, 6.10866, 8.45922]}
		},
		{
			"faces": {
				"north": {"uv": [4, 13.5, 4.5, 14.5], "texture": "#0"},
				"east": {"uv": [3, 13.5, 4, 14.5], "texture": "#0"},
				"south": {"uv": [5.5, 13.5, 6, 14.5], "texture": "#0"},
				"west": {"uv": [4.5, 13.5, 5.5, 14.5], "texture": "#0"},
				"up": {"uv": [4.5, 13.5, 4, 12.5], "texture": "#0"},
				"down": {"uv": [5, 12.5, 4.5, 13.5], "texture": "#0"}
			},
			"to": [9.8, 5.4, 8.4],
			"from": [9.4, 4.6, 7.6],
			"rotation": {"angle": 0, "axis": "y", "origin": [9.6, 5, 8]}
		},
		{
			"faces": {
				"north": {"uv": [11.5, 3.5, 12, 5], "texture": "#0"},
				"east": {"uv": [10, 3.5, 11.5, 5], "texture": "#0"},
				"south": {"uv": [13.5, 3.5, 14, 5], "texture": "#0"},
				"west": {"uv": [12, 3.5, 13.5, 5], "texture": "#0"},
				"up": {"uv": [12, 3.5, 11.5, 2], "texture": "#0"},
				"down": {"uv": [12.5, 2, 12, 3.5], "texture": "#0"}
			},
			"to": [9.4, 5.6, 8.6],
			"from": [9, 4.4, 7.4],
			"rotation": {"angle": 0, "axis": "y", "origin": [9.2, 5, 8]}
		},
		{
			"faces": {
				"north": {"uv": [5, 11, 5.5, 12.5], "texture": "#0"},
				"east": {"uv": [3.5, 11, 5, 12.5], "texture": "#0"},
				"south": {"uv": [7, 11, 7.5, 12.5], "texture": "#0"},
				"west": {"uv": [5.5, 11, 7, 12.5], "texture": "#0"},
				"up": {"uv": [5.5, 11, 5, 9.5], "texture": "#0"},
				"down": {"uv": [6, 9.5, 5.5, 11], "texture": "#0"}
			},
			"to": [7, 5.6, 8.6],
			"from": [6.6, 4.4, 7.4],
			"rotation": {"angle": 0, "axis": "y", "origin": [6.8, 5, 8]}
		},
		{
			"faces": {
				"north": {"uv": [13.5, 2, 14, 3], "texture": "#0"},
				"east": {"uv": [12.5, 2, 13.5, 3], "texture": "#0"},
				"south": {"uv": [15, 2, 15.5, 3], "texture": "#0"},
				"west": {"uv": [14, 2, 15, 3], "texture": "#0"},
				"up": {"uv": [14, 2, 13.5, 1], "texture": "#0"},
				"down": {"uv": [14.5, 1, 14, 2], "texture": "#0"}
			},
			"to": [6.6, 5.4, 8.4],
			"from": [6.2, 4.6, 7.6],
			"rotation": {"angle": 0, "axis": "y", "origin": [6.4, 5, 8]}
		}
	],
	"display": {
		"head": {
			"translation": [0, 5.6, 0],
			"scale": [4, 4, 4],
			"rotation": [0, 0, 0]
		}
	}
}