{
	"__credit": "Generated using Animated Java (https://animated-java.dev/)",
	"textures": {
		"0": "minecraft:geek/robot/base",
		"1": "minecraft:geek/robot/face_blue"
	},
	"elements": [
		{
			"faces": {
				"north": {"uv": [8, 9, 10, 11], "texture": "#0"},
				"east": {"uv": [6, 9, 8, 11], "texture": "#0"},
				"south": {"uv": [12, 9, 14, 11], "texture": "#0"},
				"west": {"uv": [10, 9, 12, 11], "texture": "#0"},
				"up": {"uv": [10, 9, 8, 7], "texture": "#0"},
				"down": {"uv": [12, 7, 10, 9], "texture": "#0"}
			},
			"to": [8.8, 6.6, 8.8],
			"from": [7.2, 5, 7.2],
			"rotation": {"angle": 22.5, "axis": "x", "origin": [8, 5, 8]}
		},
		{
			"faces": {
				"north": {"uv": [12, 11.5, 13.5, 13], "texture": "#0"},
				"east": {"uv": [11.5, 11.5, 12, 13], "texture": "#0"},
				"south": {"uv": [14, 11.5, 15.5, 13], "texture": "#0"},
				"west": {"uv": [13.5, 11.5, 14, 13], "texture": "#0"},
				"up": {"uv": [13.5, 11.5, 12, 11], "texture": "#0"},
				"down": {"uv": [15, 11, 13.5, 11.5], "texture": "#0"}
			},
			"to": [8.6, 5.95642, 9.43003],
			"from": [7.4, 4.75642, 9.03003],
			"rotation": {"angle": 22.5, "axis": "x", "origin": [8, 5.35642, 9.23003]}
		},
		{
			"faces": {
				"north": {"uv": [1, 6, 4, 9], "texture": "#0"},
				"east": {"uv": [0, 6, 1, 9], "texture": "#0"},
				"south": {"uv": [0, 0, 12, 12], "texture": "#1"},
				"west": {"uv": [4, 6, 5, 9], "texture": "#0"},
				"up": {"uv": [4, 6, 1, 5], "texture": "#0"},
				"down": {"uv": [7, 5, 4, 6], "texture": "#0"}
			},
			"to": [9.2, 6.32681, 10.18435],
			"from": [6.8, 3.92681, 9.38435],
			"rotation": {"angle": 22.5, "axis": "x", "origin": [8, 5.12681, 9.78435]}
		},
		{
			"faces": {
				"north": {"uv": [8, 11.5, 9.5, 13], "texture": "#0"},
				"east": {"uv": [7.5, 11.5, 8, 13], "texture": "#0"},
				"south": {"uv": [10, 11.5, 11.5, 13], "texture": "#0"},
				"west": {"uv": [9.5, 11.5, 10, 13], "texture": "#0"},
				"up": {"uv": [9.5, 11.5, 8, 11], "texture": "#0"},
				"down": {"uv": [11, 11, 9.5, 11.5], "texture": "#0"}
			},
			"to": [8.6, 6.72179, 7.58227],
			"from": [7.4, 5.52179, 7.18227],
			"rotation": {"angle": 22.5, "axis": "x", "origin": [8, 6.12179, 7.38227]}
		},
		{
			"faces": {
				"north": {"uv": [0.5, 13.5, 1.5, 14.5], "texture": "#0"},
				"east": {"uv": [0, 13.5, 0.5, 14.5], "texture": "#0"},
				"south": {"uv": [2, 13.5, 3, 14.5], "texture": "#0"},
				"west": {"uv": [1.5, 13.5, 2, 14.5], "texture": "#0"},
				"up": {"uv": [1.5, 13.5, 0.5, 13], "texture": "#0"},
				"down": {"uv": [2.5, 13, 1.5, 13.5], "texture": "#0"}
			},
			"to": [8.4, 6.67486, 7.21272],
			"from": [7.6, 5.87486, 6.81272],
			"rotation": {"angle": 22.5, "axis": "x", "origin": [8, 6.27486, 7.01272]}
		}
	],
	"display": {
		"head": {
			"translation": [0, 5.6, 0],
			"scale": [4, 4, 4],
			"rotation": [0, 0, 0]
		}
	}
}