{
	"credit": "Made with Blockbench",
	"texture_size": [8, 8],
	"textures": {
		"0": "geek/robot/base",
		"3": "geek/robot/face_green"
	},
	"elements": [
		{
			"from": [6, 1, 6],
			"to": [10, 5, 10],
			"rotation": {"angle": 0, "axis": "y", "origin": [8, 3, 8]},
			"faces": {
				"north": {"uv": [12, 9, 14, 11], "texture": "#0"},
				"east": {"uv": [10, 9, 12, 11], "texture": "#0"},
				"south": {"uv": [8, 9, 10, 11], "texture": "#0"},
				"west": {"uv": [6, 9, 8, 11], "texture": "#0"},
				"up": {"uv": [10, 9, 8, 7], "rotation": 180, "texture": "#0"},
				"down": {"uv": [12, 7, 10, 9], "rotation": 180, "texture": "#0"}
			}
		},
		{
			"from": [6.5, 1.5, 5],
			"to": [9.5, 4.5, 6],
			"rotation": {"angle": 0, "axis": "y", "origin": [8, 3, 8]},
			"faces": {
				"north": {"uv": [14, 11.5, 15.5, 13], "texture": "#0"},
				"east": {"uv": [13.5, 11.5, 14, 13], "texture": "#0"},
				"south": {"uv": [12, 11.5, 13.5, 13], "texture": "#0"},
				"west": {"uv": [11.5, 11.5, 12, 13], "texture": "#0"},
				"up": {"uv": [13.5, 11.5, 12, 11], "rotation": 180, "texture": "#0"},
				"down": {"uv": [15, 11, 13.5, 11.5], "rotation": 180, "texture": "#0"}
			}
		},
		{
			"from": [5, 0, 3],
			"to": [11, 6, 5],
			"rotation": {"angle": 0, "axis": "y", "origin": [8, 3, 8]},
			"faces": {
				"north": {"uv": [0, 0, 12, 12], "texture": "#3"},
				"east": {"uv": [4, 6, 5, 9], "texture": "#0"},
				"south": {"uv": [1, 6, 4, 9], "texture": "#0"},
				"west": {"uv": [0, 6, 1, 9], "texture": "#0"},
				"up": {"uv": [4, 6, 1, 5], "rotation": 180, "texture": "#0"},
				"down": {"uv": [7, 5, 4, 6], "rotation": 180, "texture": "#0"}
			}
		},
		{
			"from": [6.5, 1.5, 10],
			"to": [9.5, 4.5, 11],
			"rotation": {"angle": 0, "axis": "y", "origin": [8, 3, 8]},
			"faces": {
				"north": {"uv": [10, 11.5, 11.5, 13], "texture": "#0"},
				"east": {"uv": [9.5, 11.5, 10, 13], "texture": "#0"},
				"south": {"uv": [8, 11.5, 9.5, 13], "texture": "#0"},
				"west": {"uv": [7.5, 11.5, 8, 13], "texture": "#0"},
				"up": {"uv": [9.5, 11.5, 8, 11], "rotation": 180, "texture": "#0"},
				"down": {"uv": [11, 11, 9.5, 11.5], "rotation": 180, "texture": "#0"}
			}
		},
		{
			"from": [7, 2, 11],
			"to": [9, 4, 12],
			"rotation": {"angle": 0, "axis": "y", "origin": [8, 3, 8]},
			"faces": {
				"north": {"uv": [2, 13.5, 3, 14.5], "texture": "#0"},
				"east": {"uv": [1.5, 13.5, 2, 14.5], "texture": "#0"},
				"south": {"uv": [0.5, 13.5, 1.5, 14.5], "texture": "#0"},
				"west": {"uv": [0, 13.5, 0.5, 14.5], "texture": "#0"},
				"up": {"uv": [1.5, 13.5, 0.5, 13], "rotation": 180, "texture": "#0"},
				"down": {"uv": [2.5, 13, 1.5, 13.5], "rotation": 180, "texture": "#0"}
			}
		}
	],
	"display": {
		"thirdperson_righthand": {
			"rotation": [-120, 135, -180],
			"translation": [1, 3, 3]
		},
		"thirdperson_lefthand": {
			"rotation": [-120, 135, -180],
			"translation": [1, 3, 3]
		},
		"firstperson_righthand": {
			"rotation": [15, 15, 0],
			"translation": [0, 7, 2]
		},
		"firstperson_lefthand": {
			"rotation": [15, 15, 0],
			"translation": [0, 7, 2]
		},
		"ground": {
			"translation": [0, 4, 1]
		},
		"gui": {
			"rotation": [30, 135, 0],
			"translation": [2, 8, 0],
			"scale": [1.6, 1.6, 1.6]
		},
		"head": {
			"translation": [0, 15, 0],
			"scale": [3, 3, 3]
		},
		"fixed": {
			"translation": [0, 10, 0],
			"scale": [2, 2, 2]
		}
	}
}