{
	"__credit": "Generated using Animated Java (https://animated-java.dev/)",
	"textures": {
		"0": "minecraft:geek/robot/base"
	},
	"elements": [
		{
			"faces": {
				"north": {"uv": [6.5, 13, 7, 15], "texture": "#0"},
				"east": {"uv": [6, 13, 6.5, 15], "texture": "#0"},
				"south": {"uv": [7.5, 13, 8, 15], "texture": "#0"},
				"west": {"uv": [7, 13, 7.5, 15], "texture": "#0"},
				"up": {"uv": [7, 13, 6.5, 12.5], "texture": "#0"},
				"down": {"uv": [7.5, 12.5, 7, 13], "texture": "#0"}
			},
			"to": [8.2, 5.4, 8.2],
			"from": [7.8, 3.8, 7.8],
			"rotation": {"angle": 0, "axis": "y", "origin": [8, 5, 8]}
		}
	],
	"display": {
		"head": {
			"translation": [0, 5.6, 0],
			"scale": [4, 4, 4],
			"rotation": [0, 0, 0]
		}
	}
}