{
	"__credit": "Generated using Animated Java (https://animated-java.dev/)",
	"textures": {
		"0": "minecraft:geek/robot/base"
	},
	"elements": [
		{
			"faces": {
				"north": {"uv": [0.5, 11.5, 1, 12], "texture": "#0"},
				"east": {"uv": [0, 11.5, 0.5, 12], "texture": "#0"},
				"south": {"uv": [1.5, 11.5, 2, 12], "texture": "#0"},
				"west": {"uv": [1, 11.5, 1.5, 12], "texture": "#0"},
				"up": {"uv": [1, 11.5, 0.5, 11], "texture": "#0"},
				"down": {"uv": [1.5, 11, 1, 11.5], "texture": "#0"}
			},
			"to": [8.3, 5, 8.3],
			"from": [7.7, 4.4, 7.7],
			"rotation": {"angle": 0, "axis": "y", "origin": [8, 5, 8]}
		}
	],
	"display": {
		"head": {
			"translation": [0, 5.6, 0],
			"scale": [4, 4, 4],
			"rotation": [0, 0, 0]
		}
	}
}