{
	"__credit": "Generated using Animated Java (https://animated-java.dev/)",
	"textures": {
		"0": "minecraft:geek/robot/base"
	},
	"elements": [
		{
			"faces": {
				"north": {"uv": [1.5, 10.5, 2.5, 11], "texture": "#0"},
				"east": {"uv": [0, 10.5, 1.5, 11], "texture": "#0"},
				"south": {"uv": [4, 10.5, 5, 11], "texture": "#0"},
				"west": {"uv": [2.5, 10.5, 4, 11], "texture": "#0"},
				"up": {"uv": [2.5, 10.5, 1.5, 9], "texture": "#0"},
				"down": {"uv": [3.5, 9, 2.5, 10.5], "texture": "#0"}
			},
			"to": [8.4, 5, 8.8],
			"from": [7.6, 4.6, 7.6],
			"rotation": {"angle": 0, "axis": "y", "origin": [8, 5, 8]}
		}
	],
	"display": {
		"head": {
			"translation": [0, 5.6, 0],
			"scale": [4, 4, 4],
			"rotation": [0, 0, 0]
		}
	}
}