{
	"__credit": "Generated using Animated Java (https://animated-java.dev/)",
	"textures": {
		"0": "minecraft:geek/robot/base"
	},
	"elements": [
		{
			"faces": {
				"north": {"uv": [10.5, 13.5, 11, 15], "texture": "#0"},
				"east": {"uv": [10, 13.5, 10.5, 15], "texture": "#0"},
				"south": {"uv": [11.5, 13.5, 12, 15], "texture": "#0"},
				"west": {"uv": [11, 13.5, 11.5, 15], "texture": "#0"},
				"up": {"uv": [11, 13.5, 10.5, 13], "texture": "#0"},
				"down": {"uv": [11.5, 13, 11, 13.5], "texture": "#0"}
			},
			"to": [8.2, 5.2, 8.2],
			"from": [7.8, 4, 7.8],
			"rotation": {"angle": 0, "axis": "y", "origin": [8, 5, 8]}
		}
	],
	"display": {
		"head": {
			"translation": [0, 5.6, 0],
			"scale": [4, 4, 4],
			"rotation": [0, 0, 0]
		}
	}
}