{
	"__credit": "Generated using Animated Java (https://animated-java.dev/)",
	"textures": {
		"0": "minecraft:geek/robot/base"
	},
	"elements": [
		{
			"faces": {
				"north": {"uv": [12.5, 13.5, 13, 14.5], "texture": "#0"},
				"east": {"uv": [12, 13.5, 12.5, 14.5], "texture": "#0"},
				"south": {"uv": [13.5, 13.5, 14, 14.5], "texture": "#0"},
				"west": {"uv": [13, 13.5, 13.5, 14.5], "texture": "#0"},
				"up": {"uv": [13, 13.5, 12.5, 13], "texture": "#0"},
				"down": {"uv": [13.5, 13, 13, 13.5], "texture": "#0"}
			},
			"to": [8.2, 6, 8.2],
			"from": [7.8, 5, 7.8],
			"rotation": {"angle": 22.5, "axis": "x", "origin": [8, 5, 8]}
		}
	],
	"display": {
		"head": {
			"translation": [0, 5.6, 0],
			"scale": [4, 4, 4],
			"rotation": [0, 0, 0]
		}
	}
}