{
	"__credit": "Generated using Animated Java (https://animated-java.dev/)",
	"textures": {
		"0": "minecraft:geek/robot/base"
	},
	"elements": [
		{
			"faces": {
				"north": {"uv": [14.5, 3.5, 15, 4.5], "texture": "#0"},
				"east": {"uv": [14, 3.5, 14.5, 4.5], "texture": "#0"},
				"south": {"uv": [15.5, 3.5, 16, 4.5], "texture": "#0"},
				"west": {"uv": [15, 3.5, 15.5, 4.5], "texture": "#0"},
				"up": {"uv": [15, 3.5, 14.5, 3], "texture": "#0"},
				"down": {"uv": [15.5, 3, 15, 3.5], "texture": "#0"}
			},
			"to": [8.2, 5.6, 8.2],
			"from": [7.8, 4.6, 7.8],
			"rotation": {"angle": 22.5, "axis": "x", "origin": [8, 5, 8]}
		}
	],
	"display": {
		"head": {
			"translation": [0, 5.6, 0],
			"scale": [4, 4, 4],
			"rotation": [0, 0, 0]
		}
	}
}