{
	"__credit": "Generated using Animated Java (https://animated-java.dev/)",
	"textures": {
		"0": "minecraft:geek/robot/base"
	},
	"elements": [
		{
			"faces": {
				"north": {"uv": [0.5, 12.5, 2, 13], "texture": "#0"},
				"east": {"uv": [0, 12.5, 0.5, 13], "texture": "#0"},
				"south": {"uv": [2.5, 12.5, 4, 13], "texture": "#0"},
				"west": {"uv": [2, 12.5, 2.5, 13], "texture": "#0"},
				"up": {"uv": [2, 12.5, 0.5, 12], "texture": "#0"},
				"down": {"uv": [3.5, 12, 2, 12.5], "texture": "#0"}
			},
			"to": [8, 5.2, 8.2],
			"from": [6.8, 4.8, 7.8],
			"rotation": {"angle": 0, "axis": "y", "origin": [8, 5, 8]}
		}
	],
	"display": {
		"head": {
			"translation": [0, 5.6, 0],
			"scale": [4, 4, 4],
			"rotation": [0, 0, 0]
		}
	}
}