{
	"__credit": "Generated using Animated Java (https://animated-java.dev/)",
	"textures": {
		"0": "minecraft:geek/robot/base"
	},
	"elements": [
		{
			"faces": {
				"north": {"uv": [13.5, 6.5, 14, 7], "texture": "#0"},
				"east": {"uv": [13, 6.5, 13.5, 7], "texture": "#0"},
				"south": {"uv": [14.5, 6.5, 15, 7], "texture": "#0"},
				"west": {"uv": [14, 6.5, 14.5, 7], "texture": "#0"},
				"up": {"uv": [14, 6.5, 13.5, 6], "texture": "#0"},
				"down": {"uv": [14.5, 6, 14, 6.5], "texture": "#0"}
			},
			"to": [8, 5.3, 8.3],
			"from": [7.4, 4.7, 7.7],
			"rotation": {"angle": 0, "axis": "y", "origin": [8, 5, 8]}
		}
	],
	"display": {
		"head": {
			"translation": [0, 5.6, 0],
			"scale": [4, 4, 4],
			"rotation": [0, 0, 0]
		}
	}
}