{
	"__credit": "Generated using Animated Java (https://animated-java.dev/)",
	"textures": {
		"0": "minecraft:geek/robot/base"
	},
	"elements": [
		{
			"faces": {
				"north": {"uv": [12, 5.5, 13.5, 6], "texture": "#0"},
				"east": {"uv": [11.5, 5.5, 12, 6], "texture": "#0"},
				"south": {"uv": [14, 5.5, 15.5, 6], "texture": "#0"},
				"west": {"uv": [13.5, 5.5, 14, 6], "texture": "#0"},
				"up": {"uv": [13.5, 5.5, 12, 5], "texture": "#0"},
				"down": {"uv": [15, 5, 13.5, 5.5], "texture": "#0"}
			},
			"to": [8.2, 5.2, 8.2],
			"from": [7, 4.8, 7.8],
			"rotation": {"angle": 0, "axis": "y", "origin": [8, 5, 8]}
		}
	],
	"display": {
		"head": {
			"translation": [0, 5.6, 0],
			"scale": [4, 4, 4],
			"rotation": [0, 0, 0]
		}
	}
}