{
	"__credit": "Generated using Animated Java (https://animated-java.dev/)",
	"textures": {
		"0": "minecraft:geek/robot/base"
	},
	"elements": [
		{
			"faces": {
				"north": {"uv": [9.5, 6.5, 10.5, 7], "texture": "#0"},
				"east": {"uv": [8, 6.5, 9.5, 7], "texture": "#0"},
				"south": {"uv": [12, 6.5, 13, 7], "texture": "#0"},
				"west": {"uv": [10.5, 6.5, 12, 7], "texture": "#0"},
				"up": {"uv": [10.5, 6.5, 9.5, 5], "texture": "#0"},
				"down": {"uv": [11.5, 5, 10.5, 6.5], "texture": "#0"}
			},
			"to": [8.4, 5, 8.8],
			"from": [7.6, 4.6, 7.6],
			"rotation": {"angle": 0, "axis": "y", "origin": [8, 5, 8]}
		}
	],
	"display": {
		"head": {
			"translation": [0, 5.6, 0],
			"scale": [4, 4, 4],
			"rotation": [0, 0, 0]
		}
	}
}