{
	"credit": "Made with Blockbench",
	"textures": {
		"0": "geek/numbers/5",
		"particle": "geek/numbers/5"
	},
	"elements": [
		{
			"from": [8, 0, 0],
			"to": [8, 16, 16],
			"faces": {
				"north": {"uv": [0.25, 0.125, 0.75, 0.625], "texture": "#0"},
				"east": {"uv": [0.25, 0.125, 0.75, 0.625], "texture": "#0"},
				"south": {"uv": [0.25, 0.125, 0.75, 0.625], "texture": "#0"},
				"west": {"uv": [0, 0, 16, 16], "texture": "#0"},
				"up": {"uv": [0.25, 0.125, 0.75, 0.625], "texture": "#0"},
				"down": {"uv": [0.25, 0.125, 0.75, 0.625], "texture": "#0"}
			}
		}
	],
	"display": {
		"head": {
			"rotation": [0, -90, 0],
			"translation": [0, -18, -1],
			"scale": [1.2, 1.2, 1.2]
		}
	}
}