{
	"__credit": "Generated using Animated Java (https://animated-java.dev/)",
	"textures": {
		"0": "minecraft:geek/city_garbage"
	},
	"elements": [
		{
			"faces": {
				"north": {"uv": [2.75, 0, 3, 4], "texture": "#0"},
				"east": {"uv": [3, 3, 6, 7], "texture": "#0"},
				"south": {"uv": [0, 0, 0.25, 4], "texture": "#0"},
				"west": {"uv": [0, 0, 3, 4], "texture": "#0"},
				"up": {"uv": [8.75, 0, 9, 3], "texture": "#0"},
				"down": {"uv": [5.75, 0, 6, 3], "texture": "#0"}
			},
			"to": [6, 11.4, 10.4],
			"from": [5.6, 5, 5.6],
			"rotation": {"angle": 0, "axis": "y", "origin": [8, 7.6, 8]}
		},
		{
			"faces": {
				"north": {"uv": [0, 0, 0.25, 4], "texture": "#0"},
				"east": {"uv": [0, 0, 3, 4], "texture": "#0"},
				"south": {"uv": [2.75, 0, 3, 4], "texture": "#0"},
				"west": {"uv": [3, 3, 6, 7], "texture": "#0"},
				"up": {"uv": [6, 0, 6.25, 3], "texture": "#0"},
				"down": {"uv": [3, 0, 3.25, 3], "texture": "#0"}
			},
			"to": [10.4, 11.4, 10.4],
			"from": [10, 5, 5.6],
			"rotation": {"angle": 0, "axis": "y", "origin": [8, 7.6, 8]}
		},
		{
			"faces": {
				"north": {"uv": [3.25, 3, 5.75, 7], "texture": "#0"},
				"south": {"uv": [0.25, 0, 2.75, 4], "texture": "#0"},
				"up": {"uv": [6.25, 0, 8.75, 0.25], "texture": "#0"},
				"down": {"uv": [3.25, 2.75, 5.75, 3], "texture": "#0"}
			},
			"to": [10, 11.4, 10.4],
			"from": [6, 5, 10],
			"rotation": {"angle": 0, "axis": "y", "origin": [8, 7.6, 8]}
		},
		{
			"faces": {
				"north": {"uv": [0.25, 0, 2.75, 4], "texture": "#0"},
				"south": {"uv": [3.25, 3, 5.75, 7], "texture": "#0"},
				"up": {"uv": [6.25, 2.75, 8.75, 3], "texture": "#0"},
				"down": {"uv": [3.25, 0.25, 5.75, 0], "texture": "#0"}
			},
			"to": [10, 11.4, 6],
			"from": [6, 5, 5.6],
			"rotation": {"angle": 0, "axis": "y", "origin": [8, 7.6, 8]}
		},
		{
			"faces": {
				"north": {"uv": [0, 0, 2.5, 0.25], "texture": "#0"},
				"east": {"uv": [0, 0, 2.5, 0.25], "texture": "#0"},
				"south": {"uv": [0, 0, 2.5, 0.25], "texture": "#0"},
				"west": {"uv": [0, 0, 2.5, 0.25], "texture": "#0"},
				"up": {"uv": [0, 0, 2.5, 2.5], "texture": "#0"},
				"down": {"uv": [0, 0, 2.5, 2.5], "texture": "#0"}
			},
			"to": [10, 5.4, 10],
			"from": [6, 5, 6],
			"rotation": {"angle": 0, "axis": "y", "origin": [8, 7.6, 8]}
		},
		{
			"faces": {
				"north": {"uv": [1.25, 4, 1.5, 4.25], "texture": "#0"},
				"east": {"uv": [1.25, 4, 1.5, 4.25], "texture": "#0"},
				"south": {"uv": [1.25, 4, 1.5, 4.25], "texture": "#0"},
				"west": {"uv": [1.25, 4, 1.5, 4.25], "texture": "#0"},
				"up": {"uv": [1.25, 4, 1.5, 4.25], "texture": "#0"},
				"down": {"uv": [1.25, 4, 1.5, 4.25], "texture": "#0"}
			},
			"to": [5.6, 10.6, 7.6],
			"from": [5.2, 10.2, 7.2],
			"rotation": {"angle": 0, "axis": "y", "origin": [8, 9.12727, 8]}
		},
		{
			"faces": {
				"north": {"uv": [1.25, 4.25, 1.5, 4.5], "texture": "#0"},
				"east": {"uv": [1.25, 4.25, 2.25, 4.5], "texture": "#0"},
				"south": {"uv": [2, 4.25, 2.25, 4.5], "texture": "#0"},
				"west": {"uv": [1.25, 4.25, 2.25, 4.5], "texture": "#0"},
				"up": {"uv": [1.25, 4.25, 2.25, 4.5], "rotation": 90, "texture": "#0"},
				"down": {"uv": [1.25, 4.25, 2.25, 4.5], "rotation": 90, "texture": "#0"}
			},
			"to": [5.2, 10.6, 8.8],
			"from": [4.8, 10.2, 7.2],
			"rotation": {"angle": 0, "axis": "y", "origin": [8, 9.12727, 8]}
		},
		{
			"faces": {
				"north": {"uv": [2, 4, 2.25, 4.25], "texture": "#0"},
				"east": {"uv": [2, 4, 2.25, 4.25], "texture": "#0"},
				"south": {"uv": [2, 4, 2.25, 4.25], "texture": "#0"},
				"west": {"uv": [2, 4, 2.25, 4.25], "texture": "#0"},
				"up": {"uv": [2, 4, 2.25, 4.25], "texture": "#0"},
				"down": {"uv": [2, 4, 2.25, 4.25], "texture": "#0"}
			},
			"to": [5.6, 10.6, 8.8],
			"from": [5.2, 10.2, 8.4],
			"rotation": {"angle": 0, "axis": "y", "origin": [8, 9.12727, 8]}
		},
		{
			"faces": {
				"north": {"uv": [1.25, 4, 1.5, 4.25], "texture": "#0"},
				"east": {"uv": [1.25, 4, 1.5, 4.25], "texture": "#0"},
				"south": {"uv": [1.25, 4, 1.5, 4.25], "texture": "#0"},
				"west": {"uv": [1.25, 4, 1.5, 4.25], "texture": "#0"},
				"up": {"uv": [1.25, 4, 1.5, 4.25], "rotation": 180, "texture": "#0"},
				"down": {"uv": [1.25, 4, 1.5, 4.25], "rotation": 180, "texture": "#0"}
			},
			"to": [10.8, 10.6, 8.8],
			"from": [10.4, 10.2, 8.4],
			"rotation": {"angle": 0, "axis": "y", "origin": [8, 9.12727, 8]}
		},
		{
			"faces": {
				"north": {"uv": [2, 4.25, 2.25, 4.5], "texture": "#0"},
				"east": {"uv": [1.25, 4.25, 2.25, 4.5], "texture": "#0"},
				"south": {"uv": [1.25, 4.25, 1.5, 4.5], "texture": "#0"},
				"west": {"uv": [1.25, 4.25, 2.25, 4.5], "texture": "#0"},
				"up": {"uv": [1.25, 4.25, 2.25, 4.5], "rotation": 90, "texture": "#0"},
				"down": {"uv": [1.25, 4.25, 2.25, 4.5], "rotation": 90, "texture": "#0"}
			},
			"to": [11.2, 10.6, 8.8],
			"from": [10.8, 10.2, 7.2],
			"rotation": {"angle": 0, "axis": "y", "origin": [8, 9.12727, 8]}
		},
		{
			"faces": {
				"north": {"uv": [2, 4, 2.25, 4.25], "texture": "#0"},
				"east": {"uv": [2, 4, 2.25, 4.25], "texture": "#0"},
				"south": {"uv": [2, 4, 2.25, 4.25], "texture": "#0"},
				"west": {"uv": [2, 4, 2.25, 4.25], "texture": "#0"},
				"up": {"uv": [2, 4, 2.25, 4.25], "rotation": 180, "texture": "#0"},
				"down": {"uv": [2, 4, 2.25, 4.25], "rotation": 180, "texture": "#0"}
			},
			"to": [10.8, 10.6, 7.6],
			"from": [10.4, 10.2, 7.2],
			"rotation": {"angle": 0, "axis": "y", "origin": [8, 9.12727, 8]}
		}
	],
	"display": {
		"head": {
			"translation": [0, 5.6, 0],
			"scale": [4, 4, 4],
			"rotation": [0, 0, 0]
		}
	}
}