{
	"__credit": "Generated using Animated Java (https://animated-java.dev/)",
	"textures": {
		"0": "minecraft:geek/city_garbage"
	},
	"elements": [
		{
			"faces": {
				"north": {"uv": [6, 6.25, 9.25, 6.75], "texture": "#0"},
				"east": {"uv": [6, 6.25, 9.25, 6.75], "texture": "#0"},
				"south": {"uv": [6, 6.25, 9.25, 6.75], "texture": "#0"},
				"west": {"uv": [6, 6.25, 9.25, 6.75], "texture": "#0"},
				"up": {"uv": [6, 3, 9.25, 6.25], "texture": "#0"},
				"down": {"uv": [9.25, 3, 12.5, 6.25], "texture": "#0"}
			},
			"to": [10.6, 5.8, 8.2],
			"from": [5.4, 5, 3],
			"rotation": {"angle": 0, "axis": "y", "origin": [4.8, -1.4, 2.4]}
		},
		{
			"faces": {
				"north": {"uv": [1, 4, 1.25, 4.25], "rotation": 90, "texture": "#0"},
				"east": {"uv": [1, 4, 1.25, 4.25], "rotation": 90, "texture": "#0"},
				"south": {"uv": [1, 4, 1.25, 4.25], "rotation": 90, "texture": "#0"},
				"west": {"uv": [1, 4, 1.25, 4.25], "rotation": 270, "texture": "#0"},
				"up": {"uv": [1, 4, 1.25, 4.25], "texture": "#0"},
				"down": {"uv": [1, 4, 1.25, 4.25], "rotation": 180, "texture": "#0"}
			},
			"to": [7.4, 6.2, 5.8],
			"from": [7, 5.8, 5.4],
			"rotation": {"angle": 0, "axis": "y", "origin": [5.2, 4, 5.6]}
		},
		{
			"faces": {
				"north": {"uv": [0, 4.25, 1.25, 4.5], "texture": "#0"},
				"east": {"uv": [1, 4.25, 1.25, 4.5], "rotation": 90, "texture": "#0"},
				"south": {"uv": [0, 4.25, 1.25, 4.5], "texture": "#0"},
				"west": {"uv": [0, 4.25, 0.25, 4.5], "rotation": 270, "texture": "#0"},
				"up": {"uv": [0, 4.25, 1.25, 4.5], "texture": "#0"},
				"down": {"uv": [0, 4.25, 1.25, 4.5], "rotation": 180, "texture": "#0"}
			},
			"to": [9, 6.6, 5.8],
			"from": [7, 6.2, 5.4],
			"rotation": {"angle": 0, "axis": "y", "origin": [5.2, 4, 5.6]}
		},
		{
			"faces": {
				"north": {"uv": [0, 4, 0.25, 4.25], "rotation": 90, "texture": "#0"},
				"east": {"uv": [0, 4, 0.25, 4.25], "rotation": 90, "texture": "#0"},
				"south": {"uv": [0, 4, 0.25, 4.25], "rotation": 90, "texture": "#0"},
				"west": {"uv": [0, 4, 0.25, 4.25], "rotation": 270, "texture": "#0"},
				"up": {"uv": [0, 4, 0.25, 4.25], "texture": "#0"},
				"down": {"uv": [0, 4, 0.25, 4.25], "rotation": 180, "texture": "#0"}
			},
			"to": [9, 6.2, 5.8],
			"from": [8.6, 5.8, 5.4],
			"rotation": {"angle": 0, "axis": "y", "origin": [5.2, 4, 5.6]}
		}
	],
	"display": {
		"head": {
			"translation": [0, 5.6, 0],
			"scale": [4, 4, 4],
			"rotation": [0, 0, 0]
		}
	}
}