{
	"credit": "Made with Blockbench",
	"texture_size": [64, 64],
	"textures": {
		"0": "geek/pipe",
		"particle": "geek/pipe"
	},
	"elements": [
		{
			"from": [0, 4, 0],
			"to": [16, 12, 16],
			"faces": {
				"north": {"uv": [8, 10.5, 12, 12.5], "texture": "#0"},
				"east": {"uv": [8, 10.5, 12, 12.5], "texture": "#0"},
				"south": {"uv": [8, 10.5, 12, 12.5], "texture": "#0"},
				"west": {"uv": [8, 10.5, 12, 12.5], "texture": "#0"},
				"up": {"uv": [8.5, 4.5, 12.5, 8.5], "texture": "#0"},
				"down": {"uv": [8.5, 4.5, 12.5, 8.5], "texture": "#0"}
			}
		},
		{
			"from": [-2, 12, 2],
			"to": [2, 18, 14],
			"faces": {
				"north": {"uv": [0, 0, 1, 1.5], "texture": "#0"},
				"east": {"uv": [9, 9, 12, 10.5], "texture": "#0"},
				"south": {"uv": [0, 0, 1, 1.5], "texture": "#0"},
				"west": {"uv": [9, 9, 12, 10.5], "texture": "#0"},
				"up": {"uv": [12, 5, 13, 8], "rotation": 180, "texture": "#0"},
				"down": {"uv": [12, 5, 13, 8], "rotation": 180, "texture": "#0"}
			}
		},
		{
			"from": [-2, 12, -2],
			"to": [18, 18, 2],
			"faces": {
				"north": {"uv": [8, 9, 13, 10.5], "texture": "#0"},
				"east": {"uv": [12, 9, 13, 10.5], "texture": "#0"},
				"south": {"uv": [8, 9, 13, 10.5], "texture": "#0"},
				"west": {"uv": [8, 9, 9, 10.5], "texture": "#0"},
				"up": {"uv": [8, 8, 13, 9], "rotation": 180, "texture": "#0"},
				"down": {"uv": [8, 4, 13, 5], "rotation": 180, "texture": "#0"}
			}
		},
		{
			"from": [-2, 12, 14],
			"to": [18, 18, 18],
			"faces": {
				"north": {"uv": [8, 9, 13, 10.5], "texture": "#0"},
				"east": {"uv": [8, 9, 9, 10.5], "texture": "#0"},
				"south": {"uv": [8, 9, 13, 10.5], "texture": "#0"},
				"west": {"uv": [12, 9, 13, 10.5], "texture": "#0"},
				"up": {"uv": [8, 4, 13, 5], "rotation": 180, "texture": "#0"},
				"down": {"uv": [8, 8, 13, 9], "rotation": 180, "texture": "#0"}
			}
		},
		{
			"from": [14, 12, 2],
			"to": [18, 18, 14],
			"faces": {
				"north": {"uv": [0, 0, 1, 1.5], "texture": "#0"},
				"east": {"uv": [9, 9, 12, 10.5], "texture": "#0"},
				"south": {"uv": [0, 0, 1, 1.5], "texture": "#0"},
				"west": {"uv": [9, 9, 12, 10.5], "texture": "#0"},
				"up": {"uv": [8, 5, 9, 8], "rotation": 180, "texture": "#0"},
				"down": {"uv": [8, 5, 9, 8], "rotation": 180, "texture": "#0"}
			}
		},
		{
			"from": [-2, -2, 2],
			"to": [2, 4, 14],
			"faces": {
				"north": {"uv": [0, 0, 1, 1.5], "texture": "#0"},
				"east": {"uv": [9, 9, 12, 10.5], "texture": "#0"},
				"south": {"uv": [0, 0, 1, 1.5], "texture": "#0"},
				"west": {"uv": [9, 9, 12, 10.5], "texture": "#0"},
				"up": {"uv": [12, 5, 13, 8], "rotation": 180, "texture": "#0"},
				"down": {"uv": [12, 5, 13, 8], "rotation": 180, "texture": "#0"}
			}
		},
		{
			"from": [-2, -2, -2],
			"to": [18, 4, 2],
			"faces": {
				"north": {"uv": [8, 9, 13, 10.5], "texture": "#0"},
				"east": {"uv": [12, 9, 13, 10.5], "texture": "#0"},
				"south": {"uv": [8, 9, 13, 10.5], "texture": "#0"},
				"west": {"uv": [8, 9, 9, 10.5], "texture": "#0"},
				"up": {"uv": [8, 8, 13, 9], "rotation": 180, "texture": "#0"},
				"down": {"uv": [8, 4, 13, 5], "rotation": 180, "texture": "#0"}
			}
		},
		{
			"from": [-2, -2, 14],
			"to": [18, 4, 18],
			"faces": {
				"north": {"uv": [8, 9, 13, 10.5], "texture": "#0"},
				"east": {"uv": [8, 9, 9, 10.5], "texture": "#0"},
				"south": {"uv": [8, 9, 13, 10.5], "texture": "#0"},
				"west": {"uv": [12, 9, 13, 10.5], "texture": "#0"},
				"up": {"uv": [8, 4, 13, 5], "rotation": 180, "texture": "#0"},
				"down": {"uv": [8, 8, 13, 9], "rotation": 180, "texture": "#0"}
			}
		},
		{
			"from": [14, -2, 2],
			"to": [18, 4, 14],
			"faces": {
				"north": {"uv": [0, 0, 1, 1.5], "texture": "#0"},
				"east": {"uv": [9, 9, 12, 10.5], "texture": "#0"},
				"south": {"uv": [0, 0, 1, 1.5], "texture": "#0"},
				"west": {"uv": [9, 9, 12, 10.5], "texture": "#0"},
				"up": {"uv": [8, 5, 9, 8], "rotation": 180, "texture": "#0"},
				"down": {"uv": [8, 5, 9, 8], "rotation": 180, "texture": "#0"}
			}
		}
	],
	"display": {
		"thirdperson_righthand": {
			"rotation": [75, 45, 0],
			"translation": [0, 2.5, 0],
			"scale": [0.375, 0.375, 0.375]
		},
		"firstperson_righthand": {
			"rotation": [0, 45, 0],
			"scale": [0.4, 0.4, 0.4]
		},
		"firstperson_lefthand": {
			"rotation": [0, 225, 0],
			"scale": [0.4, 0.4, 0.4]
		},
		"ground": {
			"translation": [0, 3, 0],
			"scale": [0.25, 0.25, 0.25]
		},
		"gui": {
			"rotation": [30, 225, 0],
			"scale": [0.5, 0.5, 0.5]
		},
		"head": {
			"translation": [0, -14, 0],
			"scale": [2.17, 2.17, 2.17]
		},
		"fixed": {
			"scale": [0.5, 0.5, 0.5]
		}
	},
	"groups": [
		{
			"name": "pipe",
			"origin": [0, 0, 0],
			"color": 0,
			"nbt": "{}",
			"armAnimationEnabled": false,
			"children": [0]
		},
		{
			"name": "opening",
			"origin": [0, 0, 0],
			"color": 0,
			"nbt": "{}",
			"armAnimationEnabled": false,
			"children": [1, 2, 3, 4]
		},
		{
			"name": "opening",
			"origin": [0, 0, 0],
			"color": 0,
			"nbt": "{}",
			"armAnimationEnabled": false,
			"children": [5, 6, 7, 8]
		}
	]
}