{
	"credit": "Made with Blockbench",
	"textures": {
		"0": "geek/pipe",
		"1": "block/nether_portal",
		"particle": "geek/pipe"
	},
	"elements": [
		{
			"from": [0, 4, 0],
			"to": [16, 16, 16],
			"rotation": {"angle": 0, "axis": "x", "origin": [8, 10, 8]},
			"faces": {
				"north": {"uv": [4, 8, 8, 11], "texture": "#0"},
				"east": {"uv": [4, 8, 8, 11], "texture": "#0"},
				"south": {"uv": [4, 8, 8, 11], "texture": "#0"},
				"west": {"uv": [4, 8, 8, 11], "texture": "#0"},
				"down": {"uv": [8.5, 4.5, 12.5, 8.5], "texture": "#0"}
			}
		},
		{
			"from": [-2, -2, 2],
			"to": [2, 4, 14],
			"rotation": {"angle": 0, "axis": "x", "origin": [8, 15, 8]},
			"faces": {
				"north": {"uv": [0, 0, 1, 1.5], "rotation": 180, "texture": "#0"},
				"east": {"uv": [9, 9, 12, 10.5], "rotation": 180, "texture": "#0"},
				"south": {"uv": [0, 0, 1, 1.5], "rotation": 180, "texture": "#0"},
				"west": {"uv": [9, 9, 12, 10.5], "rotation": 180, "texture": "#0"},
				"up": {"uv": [12, 5, 13, 8], "rotation": 180, "texture": "#0"},
				"down": {"uv": [12, 5, 13, 8], "rotation": 180, "texture": "#0"}
			}
		},
		{
			"from": [-2, -2, 14],
			"to": [18, 4, 18],
			"rotation": {"angle": 0, "axis": "x", "origin": [8, 15, 8]},
			"faces": {
				"north": {"uv": [8, 9, 13, 10.5], "rotation": 180, "texture": "#0"},
				"east": {"uv": [12, 9, 13, 10.5], "rotation": 180, "texture": "#0"},
				"south": {"uv": [8, 9, 13, 10.5], "rotation": 180, "texture": "#0"},
				"west": {"uv": [8, 9, 9, 10.5], "rotation": 180, "texture": "#0"},
				"up": {"uv": [8, 4, 13, 5], "rotation": 180, "texture": "#0"},
				"down": {"uv": [8, 8, 13, 9], "rotation": 180, "texture": "#0"}
			}
		},
		{
			"from": [-2, -2, -2],
			"to": [18, 4, 2],
			"rotation": {"angle": 0, "axis": "x", "origin": [8, 15, 8]},
			"faces": {
				"north": {"uv": [8, 9, 13, 10.5], "rotation": 180, "texture": "#0"},
				"east": {"uv": [8, 9, 9, 10.5], "rotation": 180, "texture": "#0"},
				"south": {"uv": [8, 9, 13, 10.5], "rotation": 180, "texture": "#0"},
				"west": {"uv": [12, 9, 13, 10.5], "rotation": 180, "texture": "#0"},
				"up": {"uv": [8, 8, 13, 9], "rotation": 180, "texture": "#0"},
				"down": {"uv": [8, 4, 13, 5], "rotation": 180, "texture": "#0"}
			}
		},
		{
			"from": [14, -2, 2],
			"to": [18, 4, 14],
			"rotation": {"angle": 0, "axis": "x", "origin": [8, 15, 8]},
			"faces": {
				"north": {"uv": [0, 0, 1, 1.5], "rotation": 180, "texture": "#0"},
				"east": {"uv": [9, 9, 12, 10.5], "rotation": 180, "texture": "#0"},
				"south": {"uv": [0, 0, 1, 1.5], "rotation": 180, "texture": "#0"},
				"west": {"uv": [9, 9, 12, 10.5], "rotation": 180, "texture": "#0"},
				"up": {"uv": [8, 5, 9, 8], "rotation": 180, "texture": "#0"},
				"down": {"uv": [8, 5, 9, 8], "rotation": 180, "texture": "#0"}
			}
		},
		{
			"from": [2, 0, 2],
			"to": [14, 0, 14],
			"faces": {
				"down": {"uv": [2, 2, 14, 14], "texture": "#1"}
			}
		}
	],
	"display": {
		"head": {
			"translation": [0, -14.7, 0],
			"scale": [2.3, 2.3, 2.3]
		}
	}
}