{
	"credit": "Made with Blockbench",
	"textures": {
		"0": "geek/pipe",
		"1": "block/nether_portal",
		"particle": "geek/pipe"
	},
	"elements": [
		{
			"from": [0, 0, 0],
			"to": [12, 16, 16],
			"rotation": {"angle": 0, "axis": "y", "origin": [8, 8, 2.8]},
			"faces": {
				"north": {"uv": [4, 8, 0, 11], "rotation": 270, "texture": "#0"},
				"east": {"uv": [8.5, 4.5, 12.5, 8.5], "rotation": 180, "texture": "#0"},
				"south": {"uv": [8, 8, 4, 11], "rotation": 270, "texture": "#0"},
				"up": {"uv": [4, 8, 0, 11], "rotation": 90, "texture": "#0"},
				"down": {"uv": [4, 8, 0, 11], "rotation": 90, "texture": "#0"}
			}
		},
		{
			"from": [12, 2, -2],
			"to": [18, 14, 2],
			"rotation": {"angle": 0, "axis": "y", "origin": [8, 8, 2.8]},
			"faces": {
				"north": {"uv": [9, 9, 12, 10.5], "rotation": 270, "texture": "#0"},
				"east": {"uv": [12, 5, 13, 8], "texture": "#0"},
				"south": {"uv": [9, 9, 12, 10.5], "rotation": 270, "texture": "#0"},
				"west": {"uv": [12, 5, 13, 8], "rotation": 180, "texture": "#0"},
				"up": {"uv": [0, 0, 1, 1.5], "rotation": 270, "texture": "#0"},
				"down": {"uv": [0, 0, 1, 1.5], "rotation": 270, "texture": "#0"}
			}
		},
		{
			"from": [12, 14, -2],
			"to": [18, 18, 18],
			"rotation": {"angle": 0, "axis": "y", "origin": [8, 8, 2.8]},
			"faces": {
				"north": {"uv": [8, 10.5, 9, 9], "rotation": 90, "texture": "#0"},
				"east": {"uv": [8, 4, 13, 5], "texture": "#0"},
				"south": {"uv": [8, 10.5, 9, 9], "rotation": 90, "texture": "#0"},
				"west": {"uv": [8, 8, 13, 9], "rotation": 180, "texture": "#0"},
				"up": {"uv": [8, 10.5, 13, 9], "rotation": 270, "texture": "#0"},
				"down": {"uv": [8, 9, 13, 10.5], "rotation": 270, "texture": "#0"}
			}
		},
		{
			"from": [12, -2, -2],
			"to": [18, 2, 18],
			"rotation": {"angle": 0, "axis": "y", "origin": [8, 8, 2.8]},
			"faces": {
				"north": {"uv": [12, 10.5, 13, 9], "rotation": 90, "texture": "#0"},
				"east": {"uv": [8, 8, 13, 9], "texture": "#0"},
				"south": {"uv": [12, 10.5, 13, 9], "rotation": 90, "texture": "#0"},
				"west": {"uv": [8, 4, 13, 5], "rotation": 180, "texture": "#0"},
				"up": {"uv": [8, 9, 13, 10.5], "rotation": 270, "texture": "#0"},
				"down": {"uv": [13, 9, 8, 10.5], "rotation": 90, "texture": "#0"}
			}
		},
		{
			"from": [12, 2, 14],
			"to": [18, 14, 18],
			"rotation": {"angle": 0, "axis": "y", "origin": [8, 8, 2.8]},
			"faces": {
				"north": {"uv": [9, 9, 12, 10.5], "rotation": 90, "texture": "#0"},
				"east": {"uv": [8, 5, 9, 8], "texture": "#0"},
				"south": {"uv": [9, 9, 12, 10.5], "rotation": 270, "texture": "#0"},
				"west": {"uv": [8, 5, 9, 8], "rotation": 180, "texture": "#0"},
				"up": {"uv": [0, 0, 1, 1.5], "rotation": 270, "texture": "#0"},
				"down": {"uv": [0, 0, 1, 1.5], "rotation": 270, "texture": "#0"}
			}
		},
		{
			"from": [16, 2, 2],
			"to": [16, 14, 14],
			"faces": {
				"east": {"uv": [2, 2, 14, 14], "texture": "#1"}
			}
		}
	],
	"display": {
		"head": {
			"translation": [0, -14.7, 0],
			"scale": [2.3, 2.3, 2.3]
		}
	}
}