{
	"parent": "item/generated",
	"textures": {
		"layer0": "item/brown_dye"
	},
	"overrides": [
		{
			"predicate": {
				"custom_model_data": 1
			},
			"model": "minecraft:geek/ufo/slice1"
		},
		{
			"predicate": {
				"custom_model_data": 2
			},
			"model": "minecraft:geek/ufo/slice2"
		},
		{
			"predicate": {
				"custom_model_data": 3
			},
			"model": "minecraft:geek/ufo/slice3"
		},
		{
			"predicate": {
				"custom_model_data": 4
			},
			"model": "minecraft:geek/ufo/cockpit"
		}
	],
	"aj": {
		"includedRigs": {
			"3b318a5f-aa09-1378-65e1-8a797d028c6b": {
				"name": "8_ideas3.ufo",
				"usedIDs": [
					[1, 4]
				]
			}
		}
	}
}