{
	"parent": "item/template_spawn_egg",
	"overrides": [
        {"predicate": {"custom_model_data": 1}, "model": "geek/pipe/pipe_item"},
        {"predicate": {"custom_model_data": 2}, "model": "geek/ufo/item"},
        {"predicate": {"custom_model_data": 3}, "model": "geek/robot/item"},
        
        {"predicate": {"custom_model_data": 101}, "model": "geek/pipe/pipe_open_up"},
		{"predicate": {"custom_model_data": 102}, "model": "geek/pipe/pipe_open_down"},
        {"predicate": {"custom_model_data": 103}, "model": "geek/pipe/pipe_open_north"},
        {"predicate": {"custom_model_data": 104}, "model": "geek/pipe/pipe_open_south"},
        {"predicate": {"custom_model_data": 105}, "model": "geek/pipe/pipe_open_east"},
        {"predicate": {"custom_model_data": 106}, "model": "geek/pipe/pipe_open_west"},
        
        {"predicate": {"custom_model_data": 201}, "model": "geek/pipe/pipe_straight_up_down"},
        {"predicate": {"custom_model_data": 202}, "model": "geek/pipe/pipe_straight_north_south"},
        {"predicate": {"custom_model_data": 203}, "model": "geek/pipe/pipe_straight_east_west"},

        {"predicate": {"custom_model_data": 301}, "model": "geek/pipe/pipe_corner_up_north"},
        {"predicate": {"custom_model_data": 302}, "model": "geek/pipe/pipe_corner_up_south"},
        {"predicate": {"custom_model_data": 303}, "model": "geek/pipe/pipe_corner_up_east"},
        {"predicate": {"custom_model_data": 304}, "model": "geek/pipe/pipe_corner_up_west"},

        {"predicate": {"custom_model_data": 311}, "model": "geek/pipe/pipe_corner_down_north"},
        {"predicate": {"custom_model_data": 312}, "model": "geek/pipe/pipe_corner_down_south"},
        {"predicate": {"custom_model_data": 313}, "model": "geek/pipe/pipe_corner_down_east"},
        {"predicate": {"custom_model_data": 314}, "model": "geek/pipe/pipe_corner_down_west"},
        
        {"predicate": {"custom_model_data": 321}, "model": "geek/pipe/pipe_corner_west_north"},
        {"predicate": {"custom_model_data": 322}, "model": "geek/pipe/pipe_corner_north_east"},
        {"predicate": {"custom_model_data": 323}, "model": "geek/pipe/pipe_corner_east_south"},
        {"predicate": {"custom_model_data": 324}, "model": "geek/pipe/pipe_corner_south_west"},
        
        {"predicate": {"custom_model_data": 401}, "model": "geek/city_garbage_item"}
	]
}