{
	"parent": "item/generated",
	"textures": {
		"layer0": "item/lime_dye"
	},
	"overrides": [
		{"predicate": {"custom_model_data": 1}, "model": "geek/city_garbage/bin"},
		{"predicate": {"custom_model_data": 2}, "model": "geek/city_garbage/hinge"},
		
		{"predicate": {"custom_model_data": 3}, "model": "geek/ufo/cockpit"},
		{"predicate": {"custom_model_data": 4}, "model": "geek/ufo/slice1"},
		{"predicate": {"custom_model_data": 5}, "model": "geek/ufo/slice2"},
		{"predicate": {"custom_model_data": 6}, "model": "geek/ufo/slice3"}
	]
}