{
	"parent": "item/generated",
	"textures": {
		"layer0": "item/red_dye"
	},
	"overrides": [
		{"predicate": {"custom_model_data": 1}, "model": "minecraft:geek/robot/body"},
		{"predicate": {"custom_model_data": 2}, "model": "minecraft:geek/robot/left_arm1"},
		{"predicate": {"custom_model_data": 3}, "model": "minecraft:geek/robot/left_arm2"},
		{"predicate": {"custom_model_data": 4}, "model": "minecraft:geek/robot/left_arm3"},
		{"predicate": {"custom_model_data": 5}, "model": "minecraft:geek/robot/right_arm1"},
		{"predicate": {"custom_model_data": 6}, "model": "minecraft:geek/robot/right_arm2"},
		{"predicate": {"custom_model_data": 7}, "model": "minecraft:geek/robot/right_arm3"},
		{"predicate": {"custom_model_data": 8}, "model": "minecraft:geek/robot/neck1"},
		{"predicate": {"custom_model_data": 9}, "model": "minecraft:geek/robot/neck2"},
		{"predicate": {"custom_model_data": 10}, "model": "minecraft:geek/robot/neck3"},
		{"predicate": {"custom_model_data": 11}, "model": "minecraft:geek/robot/head"},
		{"predicate": {"custom_model_data": 12}, "model": "minecraft:geek/robot/left_leg1"},
		{"predicate": {"custom_model_data": 13}, "model": "minecraft:geek/robot/left_leg2"},
		{"predicate": {"custom_model_data": 14}, "model": "minecraft:geek/robot/left_leg3"},
		{"predicate": {"custom_model_data": 15}, "model": "minecraft:geek/robot/left_foot"},
		{"predicate": {"custom_model_data": 16}, "model": "minecraft:geek/robot/right_leg1"},
		{"predicate": {"custom_model_data": 17}, "model": "minecraft:geek/robot/right_leg2"},
		{"predicate": {"custom_model_data": 18}, "model": "minecraft:geek/robot/right_leg3"},
		{"predicate": {"custom_model_data": 19}, "model": "minecraft:geek/robot/right_foot"},
		{"predicate": {"custom_model_data": 20}, "model": "minecraft:geek/robot/brown/head"},
		{"predicate": {"custom_model_data": 21}, "model": "minecraft:geek/robot/green/head"},
		{"predicate": {"custom_model_data": 22}, "model": "minecraft:geek/robot/red/head"},
		{"predicate": {"custom_model_data": 23}, "model": "minecraft:geek/robot/yellow/head"},
		{"predicate": {"custom_model_data": 24}, "model": "minecraft:geek/robot/black/head"}
	],
	"aj": {"includedRigs": {"59f361e7-eef5-ce9c-dc05-b02c3cc59773": {"name": "8_ideas3.robot","usedIDs": [[1, 24]]}}}
}