{
    "parent": "item/generated",
    "textures": {
        "layer0": "item/iron_nugget"
    },
    "overrides": [
		{"predicate": {"custom_model_data": 1}, "model": "geek/numbers/1"},
		{"predicate": {"custom_model_data": 2}, "model": "geek/numbers/2"},
		{"predicate": {"custom_model_data": 3}, "model": "geek/numbers/3"},
		{"predicate": {"custom_model_data": 4}, "model": "geek/numbers/4"},
		{"predicate": {"custom_model_data": 5}, "model": "geek/numbers/5"},
		{"predicate": {"custom_model_data": 6}, "model": "geek/numbers/6"},
		{"predicate": {"custom_model_data": 7}, "model": "geek/numbers/7"},
		{"predicate": {"custom_model_data": 8}, "model": "geek/numbers/8"},
		{"predicate": {"custom_model_data": 9}, "model": "geek/numbers/8"},
		{"predicate": {"custom_model_data": 10}, "model": "geek/numbers/0"},
		{"predicate": {"custom_model_data": 11}, "model": "geek/crafting_gui"},
		{"predicate": {"custom_model_data": 12}, "model": "geek/statue_commandgeek"},
		{"predicate": {"custom_model_data": 13}, "model": "geek/statue_mcmakistein"}
    ]
}
