{
  "fart1": {
    "sounds": [
      {
        "name": "geek/fart1",
        "stream": "false"
      }
    ]
  },
  "fart2": {
    "sounds": [
      {
        "name": "geek/fart2",
        "stream": "false"
      }
    ]
  },
  "fart3": {
    "sounds": [
      {
        "name": "geek/fart3",
        "stream": "false"
      }
    ]
  },
  "pipe": {
    "sounds": [
      {
        "name": "geek/pipe",
        "stream": "false"
      }
    ]
  },
  "city_garbage_open": {
    "sounds": [
      {
        "name": "geek/city_garbage_open",
        "stream": "false"
      }
    ]
  },
  "city_garbage_close": {
    "sounds": [
      {
        "name": "geek/city_garbage_close",
        "stream": "false"
      }
    ]
  },
  "glitch": {
    "sounds": [
      {
        "name": "geek/glitch",
        "stream": "false"
      }
    ]
  },
  "scare1": {
    "sounds": [
      {
        "name": "geek/scare1",
        "stream": "false"
      },
      {
        "name": "geek/scare2",
        "stream": "false"
      }
    ]
  },
  "scare2": {
    "sounds": [
      {
        "name": "geek/scare3",
        "stream": "false"
      }
    ]
  },
  "robot1": {
    "sounds": [
      {
        "name": "geek/robot1",
        "stream": "false"
      }
    ]
  },
  "robot2": {
    "sounds": [
      {
        "name": "geek/robot2",
        "stream": "false"
      }
    ]
  },
  "robot3": {
    "sounds": [
      {
        "name": "geek/robot3",
        "stream": "false"
      }
    ]
  }
}