{
	"credit": "Made with Blockbench",
	"ambientocclusion": false,
	"textures": {
		"0": "geek/banana_peel",
		"particle": "geek/banana_peel"
	},
	"elements": [
		{
			"name": "banana",
			"from": [6.5, 4.25, 6.5],
			"to": [9.5, 9.25, 9.5],
			"rotation": {"angle": 0, "axis": "y", "origin": [-0.5, 0.25, -0.5]},
			"faces": {
				"north": {"uv": [3, 0, 6, 5], "texture": "#0"},
				"east": {"uv": [0, 0, 3, 5], "texture": "#0"},
				"south": {"uv": [3, 0, 6, 5], "texture": "#0"},
				"west": {"uv": [0, 0, 3, 5], "texture": "#0"},
				"up": {"uv": [3, 8, 0, 5], "texture": "#0"},
				"down": {"uv": [6, 5, 3, 8], "texture": "#0"}
			}
		},
		{
			"name": "banana",
			"from": [7, 9.25, 7],
			"to": [9, 11.25, 9],
			"rotation": {"angle": -22.5, "axis": "z", "origin": [7, 9.25, 8]},
			"faces": {
				"north": {"uv": [0, 8, 2, 10], "texture": "#0"},
				"east": {"uv": [4, 8, 6, 10], "texture": "#0"},
				"south": {"uv": [2, 8, 4, 10], "texture": "#0"},
				"west": {"uv": [6, 8, 8, 10], "texture": "#0"},
				"up": {"uv": [10, 10, 8, 8], "texture": "#0"},
				"down": {"uv": [12, 8, 10, 10], "texture": "#0"}
			}
		},
		{
			"name": "banana",
			"from": [8.41865, 10.86836, 7.5],
			"to": [9.41865, 11.86836, 8.5],
			"rotation": {"angle": -22.5, "axis": "z", "origin": [8.41865, 11.36836, 7.5]},
			"faces": {
				"north": {"uv": [11, 7, 12, 8], "texture": "#0"},
				"east": {"uv": [11, 7, 12, 8], "texture": "#0"},
				"south": {"uv": [11, 7, 12, 8], "texture": "#0"},
				"west": {"uv": [11, 7, 12, 8], "texture": "#0"},
				"up": {"uv": [12, 8, 11, 7], "texture": "#0"},
				"down": {"uv": [12, 7, 11, 8], "texture": "#0"}
			}
		},
		{
			"from": [9.75282, 1.78441, 6.5],
			"to": [10.75282, 4.78441, 9.5],
			"rotation": {"angle": 0, "axis": "x", "origin": [11.46974, 1.36802, 8]},
			"rotated": [0, 0, 22.5],
			"faces": {
				"north": {"uv": [12, 0, 13, 3], "texture": "#0"},
				"east": {"uv": [6, 0, 9, 3], "texture": "#0"},
				"south": {"uv": [12, 0, 13, 3], "texture": "#0"},
				"west": {"uv": [9, 0, 12, 3], "texture": "#0"},
				"up": {"uv": [13, 3, 12, 0], "texture": "#0"},
				"down": {"uv": [13, 0, 12, 3], "texture": "#0"}
			}
		},
		{
			"from": [9.96127, 0.44841, 6.75],
			"to": [12.96127, 1.44841, 9.25],
			"rotation": {"angle": -22.5, "axis": "z", "origin": [11.46974, 1.36802, 8]},
			"faces": {
				"north": {"uv": [10, 3, 11, 6], "rotation": 90, "texture": "#0"},
				"east": {"uv": [11, 3, 12, 5], "rotation": 90, "texture": "#0"},
				"south": {"uv": [10, 3, 11, 6], "rotation": 90, "texture": "#0"},
				"west": {"uv": [11, 3, 12, 5], "rotation": 90, "texture": "#0"},
				"up": {"uv": [8, 6, 6, 3], "rotation": 90, "texture": "#0"},
				"down": {"uv": [8, 6, 10, 3], "rotation": 90, "texture": "#0"}
			}
		},
		{
			"from": [12.49581, -0.05237, 7],
			"to": [14.49581, 0.94763, 9],
			"rotation": {"angle": 0, "axis": "z", "origin": [11.46974, 1.36802, 8]},
			"faces": {
				"north": {"uv": [10, 6, 11, 8], "rotation": 90, "texture": "#0"},
				"east": {"uv": [10, 6, 11, 8], "rotation": 90, "texture": "#0"},
				"south": {"uv": [10, 6, 11, 8], "rotation": 90, "texture": "#0"},
				"west": {"uv": [10, 6, 11, 8], "rotation": 90, "texture": "#0"},
				"up": {"uv": [8, 8, 6, 6], "texture": "#0"},
				"down": {"uv": [10, 6, 8, 8], "texture": "#0"}
			}
		},
		{
			"from": [5.24718, 1.78441, 6.5],
			"to": [6.24718, 4.78441, 9.5],
			"rotation": {"angle": -22.5, "axis": "z", "origin": [4.53026, 1.36802, 8]},
			"faces": {
				"north": {"uv": [12, 0, 13, 3], "texture": "#0"},
				"east": {"uv": [9, 0, 12, 3], "texture": "#0"},
				"south": {"uv": [12, 0, 13, 3], "texture": "#0"},
				"west": {"uv": [6, 0, 9, 3], "texture": "#0"},
				"up": {"uv": [13, 3, 12, 0], "texture": "#0"},
				"down": {"uv": [13, 0, 12, 3], "texture": "#0"}
			}
		},
		{
			"from": [3.03873, 0.44841, 6.75],
			"to": [6.03873, 1.44841, 9.25],
			"rotation": {"angle": 22.5, "axis": "z", "origin": [4.53026, 1.36802, 8]},
			"faces": {
				"north": {"uv": [10, 3, 11, 6], "rotation": 90, "texture": "#0"},
				"east": {"uv": [11, 3, 12, 5], "rotation": 90, "texture": "#0"},
				"south": {"uv": [10, 3, 11, 6], "rotation": 90, "texture": "#0"},
				"west": {"uv": [11, 3, 12, 5], "rotation": 90, "texture": "#0"},
				"up": {"uv": [8, 6, 6, 3], "rotation": 90, "texture": "#0"},
				"down": {"uv": [8, 6, 10, 3], "rotation": 90, "texture": "#0"}
			}
		},
		{
			"from": [1.50419, -0.05237, 7],
			"to": [3.50419, 0.94763, 9],
			"rotation": {"angle": 0, "axis": "y", "origin": [4.53026, 1.36802, 8]},
			"faces": {
				"north": {"uv": [10, 6, 11, 8], "rotation": 90, "texture": "#0"},
				"east": {"uv": [10, 6, 11, 8], "rotation": 90, "texture": "#0"},
				"south": {"uv": [10, 6, 11, 8], "rotation": 90, "texture": "#0"},
				"west": {"uv": [10, 6, 11, 8], "rotation": 90, "texture": "#0"},
				"up": {"uv": [8, 8, 6, 6], "rotation": 90, "texture": "#0"},
				"down": {"uv": [10, 6, 8, 8], "texture": "#0"}
			}
		},
		{
			"from": [6.5, 1.78441, 5.24718],
			"to": [9.5, 4.78441, 6.24718],
			"rotation": {"angle": 22.5, "axis": "x", "origin": [8, 1.36802, 4.53026]},
			"faces": {
				"north": {"uv": [6, 0, 9, 3], "texture": "#0"},
				"east": {"uv": [12, 0, 13, 3], "texture": "#0"},
				"south": {"uv": [9, 0, 12, 3], "texture": "#0"},
				"west": {"uv": [12, 0, 13, 3], "texture": "#0"},
				"up": {"uv": [12, 0, 13, 3], "rotation": 90, "texture": "#0"},
				"down": {"uv": [12, 0, 13, 3], "rotation": 90, "texture": "#0"}
			}
		},
		{
			"from": [6.75, 0.44841, 3.03873],
			"to": [9.25, 1.44841, 6.03873],
			"rotation": {"angle": -22.5, "axis": "x", "origin": [8, 1.36802, 4.53026]},
			"faces": {
				"north": {"uv": [11, 3, 12, 5], "rotation": 90, "texture": "#0"},
				"east": {"uv": [10, 3, 11, 6], "rotation": 90, "texture": "#0"},
				"south": {"uv": [11, 3, 12, 5], "rotation": 90, "texture": "#0"},
				"west": {"uv": [10, 3, 11, 6], "rotation": 90, "texture": "#0"},
				"up": {"uv": [8, 6, 6, 3], "texture": "#0"},
				"down": {"uv": [10, 3, 8, 6], "texture": "#0"}
			}
		},
		{
			"from": [7, -0.05237, 1.50419],
			"to": [9, 0.94763, 3.50419],
			"rotation": {"angle": 0, "axis": "y", "origin": [8, 1.36802, 4.53026]},
			"faces": {
				"north": {"uv": [10, 6, 11, 8], "rotation": 90, "texture": "#0"},
				"east": {"uv": [10, 6, 11, 8], "rotation": 90, "texture": "#0"},
				"south": {"uv": [10, 6, 11, 8], "rotation": 90, "texture": "#0"},
				"west": {"uv": [10, 6, 11, 8], "rotation": 90, "texture": "#0"},
				"up": {"uv": [8, 8, 6, 6], "texture": "#0"},
				"down": {"uv": [10, 6, 8, 8], "texture": "#0"}
			}
		},
		{
			"from": [6.5, 1.78441, 9.75282],
			"to": [9.5, 4.78441, 10.75282],
			"rotation": {"angle": -22.5, "axis": "x", "origin": [8, 1.36802, 11.46974]},
			"faces": {
				"north": {"uv": [9, 0, 12, 3], "texture": "#0"},
				"east": {"uv": [12, 0, 13, 3], "texture": "#0"},
				"south": {"uv": [6, 0, 9, 3], "texture": "#0"},
				"west": {"uv": [12, 0, 13, 3], "texture": "#0"},
				"up": {"uv": [13, 3, 12, 0], "rotation": 90, "texture": "#0"},
				"down": {"uv": [12, 3, 13, 0], "rotation": 90, "texture": "#0"}
			}
		},
		{
			"from": [6.75, 0.44841, 9.96127],
			"to": [9.25, 1.44841, 12.96127],
			"rotation": {"angle": 22.5, "axis": "x", "origin": [7.5, 1.36802, 11.46974]},
			"faces": {
				"north": {"uv": [11, 3, 12, 5], "rotation": 90, "texture": "#0"},
				"east": {"uv": [10, 3, 11, 6], "rotation": 90, "texture": "#0"},
				"south": {"uv": [11, 3, 12, 5], "rotation": 90, "texture": "#0"},
				"west": {"uv": [10, 3, 11, 6], "rotation": 90, "texture": "#0"},
				"up": {"uv": [8, 6, 6, 3], "texture": "#0"},
				"down": {"uv": [10, 3, 8, 6], "texture": "#0"}
			}
		},
		{
			"from": [7, -0.05237, 12.49581],
			"to": [9, 0.94763, 14.49581],
			"rotation": {"angle": 0, "axis": "y", "origin": [7, 1.36802, 11.46974]},
			"faces": {
				"north": {"uv": [10, 6, 11, 8], "rotation": 90, "texture": "#0"},
				"east": {"uv": [10, 6, 11, 8], "rotation": 90, "texture": "#0"},
				"south": {"uv": [10, 6, 11, 8], "rotation": 90, "texture": "#0"},
				"west": {"uv": [10, 6, 11, 8], "rotation": 90, "texture": "#0"},
				"up": {"uv": [8, 8, 6, 6], "texture": "#0"},
				"down": {"uv": [10, 6, 8, 8], "texture": "#0"}
			}
		}
	],
	"display": {
		"thirdperson_righthand": {
			"rotation": [45, 0, 0],
			"translation": [0, 1, 1]
		},
		"thirdperson_lefthand": {
			"rotation": [45, 0, 0],
			"translation": [0, 1, 1]
		},
		"firstperson_righthand": {
			"translation": [2, 5, -3]
		},
		"firstperson_lefthand": {
			"translation": [2, 5, -3]
		},
		"ground": {
			"translation": [0, 4.75, 0]
		},
		"gui": {
			"rotation": [30, 45, 0],
			"translation": [0, 3, 0]
		},
		"head": {
			"rotation": [24, 0, 0],
			"translation": [0, 17.75, 7.25],
			"scale": [2, 2, 2]
		},
		"fixed": {
			"translation": [0, 3.5, 0],
			"scale": [1.3, 1.3, 1.3]
		}
	},
	"groups": [
		0,
		1,
		2,
		{
			"name": "peel",
			"origin": [13.34357, 1.46299, 8.5],
			"color": 0,
			"children": [3, 4, 5]
		},
		{
			"name": "peel",
			"origin": [13.34357, 1.46299, 8.5],
			"color": 0,
			"children": [6, 7, 8]
		},
		{
			"name": "peel",
			"origin": [13.34357, 1.46299, 8.5],
			"color": 0,
			"children": [9, 10, 11]
		},
		{
			"name": "peel",
			"origin": [13.34357, 1.46299, 8.5],
			"color": 0,
			"children": [12, 13, 14]
		}
	]
}