{
	"credit": "Made with Blockbench",
	"ambientocclusion": false,
	"textures": {
		"0": "geek/banana_item",
		"particle": "geek/banana_item"
	},
	"elements": [
		{
			"name": "banana",
			"from": [7, 4, 7],
			"to": [10, 10, 10],
			"rotation": {"angle": 0, "axis": "y", "origin": [0, 1, 0]},
			"faces": {
				"north": {"uv": [3, 0, 6, 6], "texture": "#0"},
				"east": {"uv": [0, 0, 3, 6], "texture": "#0"},
				"south": {"uv": [3, 0, 6, 6], "texture": "#0"},
				"west": {"uv": [0, 0, 3, 6], "texture": "#0"},
				"up": {"uv": [0, 6, 3, 9], "texture": "#0"},
				"down": {"uv": [3, 6, 6, 9], "texture": "#0"}
			}
		},
		{
			"name": "banana",
			"from": [8.03387, -1.19761, 7],
			"to": [11.03387, 4.80239, 10],
			"rotation": {"angle": 22.5, "axis": "z", "origin": [9.53387, 1.80239, 8.5]},
			"faces": {
				"north": {"uv": [3, 0, 6, 6], "texture": "#0"},
				"east": {"uv": [0, 0, 3, 6], "texture": "#0"},
				"south": {"uv": [3, 0, 6, 6], "texture": "#0"},
				"west": {"uv": [0, 0, 3, 6], "texture": "#0"},
				"up": {"uv": [3, 6, 6, 9], "texture": "#0"},
				"down": {"uv": [0, 6, 3, 9], "texture": "#0"}
			}
		},
		{
			"name": "banana",
			"from": [7.5, 10, 7.5],
			"to": [9.5, 12, 9.5],
			"rotation": {"angle": -22.5, "axis": "z", "origin": [7.5, 10, 8.5]},
			"faces": {
				"north": {"uv": [0, 0, 2, 2], "texture": "#0"},
				"east": {"uv": [0, 0, 2, 2], "texture": "#0"},
				"south": {"uv": [0, 0, 2, 2], "texture": "#0"},
				"west": {"uv": [0, 0, 2, 2], "texture": "#0"},
				"up": {"uv": [0, 0, 2, 2], "texture": "#0"},
				"down": {"uv": [0, 0, 2, 2], "texture": "#0"}
			}
		},
		{
			"name": "banana",
			"from": [9.87326, -1.93119, 7.5],
			"to": [11.87326, -0.93119, 9.5],
			"rotation": {"angle": 22.5, "axis": "z", "origin": [10.87326, -1.43119, 8.5]},
			"faces": {
				"north": {"uv": [6, 7, 8, 8], "rotation": 180, "texture": "#0"},
				"east": {"uv": [6, 7, 8, 8], "rotation": 180, "texture": "#0"},
				"south": {"uv": [6, 7, 8, 8], "rotation": 180, "texture": "#0"},
				"west": {"uv": [6, 7, 8, 8], "rotation": 180, "texture": "#0"},
				"up": {"uv": [6, 7, 8, 9], "rotation": 180, "texture": "#0"},
				"down": {"uv": [6, 7, 8, 9], "rotation": 180, "texture": "#0"}
			}
		},
		{
			"name": "banana",
			"from": [8.91865, 11.61836, 8],
			"to": [9.91865, 12.61836, 9],
			"rotation": {"angle": -22.5, "axis": "z", "origin": [8.91865, 12.11836, 8]},
			"faces": {
				"north": {"uv": [6, 8, 7, 9], "texture": "#0"},
				"east": {"uv": [6, 8, 7, 9], "texture": "#0"},
				"south": {"uv": [6, 8, 7, 9], "texture": "#0"},
				"west": {"uv": [6, 8, 7, 9], "texture": "#0"},
				"up": {"uv": [6, 8, 7, 9], "texture": "#0"},
				"down": {"uv": [6, 8, 7, 9], "texture": "#0"}
			}
		}
	],
	"display": {
		"thirdperson_righthand": {
			"rotation": [0, 45, 0],
			"translation": [0, 2, -1]
		},
		"thirdperson_lefthand": {
			"rotation": [0, 45, 0],
			"translation": [0, 2, -1]
		},
		"firstperson_righthand": {
			"translation": [2, 7, -3]
		},
		"firstperson_lefthand": {
			"translation": [2, 7, -3]
		},
		"ground": {
			"translation": [0, 5.25, 0]
		},
		"gui": {
			"rotation": [30, -45, 0],
			"translation": [0, 3.5, 0]
		},
		"head": {
			"rotation": [90, 0, 31],
			"translation": [-3, 8.25, 1.75]
		},
		"fixed": {
			"translation": [-2, 3.5, -0.75],
			"scale": [1.3, 1.3, 1.3]
		}
	}
}