{
	"credit": "Made with Blockbench",
	"texture_size": [32, 32],
	"textures": {
		"0": "geek/burrito",
		"particle": "geek/burrito"
	},
	"elements": [
		{
			"from": [6, 0, 6],
			"to": [10, 7, 10],
			"rotation": {"angle": 0, "axis": "y", "origin": [7.5, 0, 8.5]},
			"faces": {
				"north": {"uv": [2, 2, 4, 5.5], "texture": "#0"},
				"east": {"uv": [0, 2, 2, 5.5], "texture": "#0"},
				"south": {"uv": [6, 2, 8, 5.5], "texture": "#0"},
				"west": {"uv": [4, 2, 6, 5.5], "texture": "#0"},
				"up": {"uv": [4, 2, 2, 0], "texture": "#0"},
				"down": {"uv": [6, 0, 4, 2], "texture": "#0"}
			}
		},
		{
			"from": [8.5, 7, 6.5],
			"to": [9.5, 8, 9.5],
			"rotation": {"angle": 22.5, "axis": "x", "origin": [9.5, 7, 6.5]},
			"faces": {
				"north": {"uv": [1.5, 7, 2, 7.5], "texture": "#0"},
				"east": {"uv": [0, 7, 1.5, 7.5], "texture": "#0"},
				"south": {"uv": [3.5, 7, 4, 7.5], "texture": "#0"},
				"west": {"uv": [2, 7, 3.5, 7.5], "texture": "#0"},
				"up": {"uv": [2, 7, 1.5, 5.5], "texture": "#0"},
				"down": {"uv": [2.5, 5.5, 2, 7], "texture": "#0"}
			}
		},
		{
			"from": [8.25, 7, 8.25],
			"to": [9.25, 8, 9.25],
			"rotation": {"angle": 0, "axis": "z", "origin": [6.25, 7, 8.25]},
			"faces": {
				"north": {"uv": [4, 7.5, 4.5, 8], "texture": "#0"},
				"east": {"uv": [3.5, 7.5, 4, 8], "texture": "#0"},
				"south": {"uv": [5, 7.5, 5.5, 8], "texture": "#0"},
				"west": {"uv": [4.5, 7.5, 5, 8], "texture": "#0"},
				"up": {"uv": [4.5, 7.5, 4, 7], "texture": "#0"},
				"down": {"uv": [5, 7, 4.5, 7.5], "texture": "#0"}
			}
		},
		{
			"from": [7.75, 7, 7.75],
			"to": [8.75, 8, 8.75],
			"rotation": {"angle": 22.5, "axis": "z", "origin": [7.75, 7, 7.75]},
			"faces": {
				"north": {"uv": [6.5, 1.5, 7, 2], "texture": "#0"},
				"east": {"uv": [6, 1.5, 6.5, 2], "texture": "#0"},
				"south": {"uv": [7.5, 1.5, 8, 2], "texture": "#0"},
				"west": {"uv": [7, 1.5, 7.5, 2], "texture": "#0"},
				"up": {"uv": [7, 1.5, 6.5, 1], "texture": "#0"},
				"down": {"uv": [7.5, 1, 7, 1.5], "texture": "#0"}
			}
		},
		{
			"from": [7, 6.5, 6.75],
			"to": [8, 7.5, 7.75],
			"rotation": {"angle": 0, "axis": "z", "origin": [5, 6.5, 6.75]},
			"faces": {
				"north": {"uv": [0.5, 0.5, 1, 1], "texture": "#0"},
				"east": {"uv": [0, 0.5, 0.5, 1], "texture": "#0"},
				"south": {"uv": [1.5, 0.5, 2, 1], "texture": "#0"},
				"west": {"uv": [1, 0.5, 1.5, 1], "texture": "#0"},
				"up": {"uv": [1, 0.5, 0.5, 0], "texture": "#0"},
				"down": {"uv": [1.5, 0, 1, 0.5], "texture": "#0"}
			}
		},
		{
			"from": [6.5, 5, 8.5],
			"to": [8.5, 7, 9.5],
			"rotation": {"angle": 45, "axis": "z", "origin": [6.5, 7, 8.5]},
			"faces": {
				"north": {"uv": [3, 6, 4, 7], "texture": "#0"},
				"east": {"uv": [2.5, 6, 3, 7], "texture": "#0"},
				"south": {"uv": [4.5, 6, 5.5, 7], "texture": "#0"},
				"west": {"uv": [4, 6, 4.5, 7], "texture": "#0"},
				"up": {"uv": [4, 6, 3, 5.5], "texture": "#0"},
				"down": {"uv": [5, 5.5, 4, 6], "texture": "#0"}
			}
		},
		{
			"from": [6.5, 6, 6.5],
			"to": [7.5, 7, 8.5],
			"rotation": {"angle": -22.5, "axis": "x", "origin": [7.5, 7, 6.5]},
			"faces": {
				"north": {"uv": [6.5, 6.5, 7, 7], "texture": "#0"},
				"east": {"uv": [5.5, 6.5, 6.5, 7], "texture": "#0"},
				"south": {"uv": [8, 6.5, 8.5, 7], "texture": "#0"},
				"west": {"uv": [7, 6.5, 8, 7], "texture": "#0"},
				"up": {"uv": [7, 6.5, 6.5, 5.5], "texture": "#0"},
				"down": {"uv": [7.5, 5.5, 7, 6.5], "texture": "#0"}
			}
		},
		{
			"from": [7.5, 6, 6.5],
			"to": [9.5, 7, 7.5],
			"rotation": {"angle": 22.5, "axis": "z", "origin": [7.5, 7, 6.5]},
			"faces": {
				"north": {"uv": [6.5, 0.5, 7.5, 1], "texture": "#0"},
				"east": {"uv": [6, 0.5, 6.5, 1], "texture": "#0"},
				"south": {"uv": [8, 0.5, 9, 1], "texture": "#0"},
				"west": {"uv": [7.5, 0.5, 8, 1], "texture": "#0"},
				"up": {"uv": [7.5, 0.5, 6.5, 0], "texture": "#0"},
				"down": {"uv": [8.5, 0, 7.5, 0.5], "texture": "#0"}
			}
		},
		{
			"from": [8, 7, 7.25],
			"to": [9, 8, 8.25],
			"rotation": {"angle": -22.5, "axis": "x", "origin": [8, 7, 7.25]},
			"faces": {
				"north": {"uv": [0.5, 1.5, 1, 2], "texture": "#0"},
				"east": {"uv": [0, 1.5, 0.5, 2], "texture": "#0"},
				"south": {"uv": [1.5, 1.5, 2, 2], "texture": "#0"},
				"west": {"uv": [1, 1.5, 1.5, 2], "texture": "#0"},
				"up": {"uv": [1, 1.5, 0.5, 1], "texture": "#0"},
				"down": {"uv": [1.5, 1, 1, 1.5], "texture": "#0"}
			}
		}
	],
	"gui_light": "front",
	"display": {
		"thirdperson_righthand": {
			"rotation": [30, 10, 10],
			"translation": [-2, 8, 3.5],
			"scale": [1.5, 1.5, 1.5]
		},
		"thirdperson_lefthand": {
			"rotation": [30, 10, 10],
			"translation": [-2, 8, 3.5],
			"scale": [1.5, 1.5, 1.5]
		},
		"firstperson_righthand": {
			"rotation": [0, 30, 20],
			"translation": [0, 6, 0],
			"scale": [1.5, 1.5, 1.5]
		},
		"firstperson_lefthand": {
			"rotation": [0, 30, 20],
			"translation": [0, 6, 0],
			"scale": [1.5, 1.5, 1.5]
		},
		"ground": {
			"rotation": [-90, 0, 0],
			"translation": [0, -0.75, -6.5],
			"scale": [1.5, 1.5, 1.5]
		},
		"gui": {
			"rotation": [71, -43, 32],
			"translation": [-3.5, 6.5, 0],
			"scale": [2, 2, 2]
		},
		"head": {
			"rotation": [-90, 0, 0],
			"translation": [0, -24.75, -14],
			"scale": [3.3, 3.3, 3.3]
		},
		"fixed": {
			"rotation": [0, 0, 90],
			"translation": [-9.5, 0.25, -4.25],
			"scale": [2.2, 2.2, 2.2]
		}
	},
	"groups": [
		{
			"name": "burrito",
			"origin": [7.5, 0, 8.5],
			"color": 0,
			"nbt": "{}",
			"armAnimationEnabled": false,
			"children": [0]
		},
		{
			"name": "filling",
			"origin": [0, 0, 0],
			"color": 0,
			"nbt": "{}",
			"armAnimationEnabled": false,
			"children": [1, 2, 3, 4, 5, 6, 7, 8]
		}
	]
}