{
	"credit": "Made with Blockbench",
	"texture_size": [64, 64],
	"textures": {
		"0": "geek/city_garbage",
		"particle": "geek/city_garbage"
	},
	"elements": [
		{
			"from": [2, 0, 2],
			"to": [3, 16, 14],
			"rotation": {"angle": 0, "axis": "y", "origin": [8, 6.5, 8]},
			"faces": {
				"north": {"uv": [2.75, 0, 3, 4], "texture": "#0"},
				"east": {"uv": [3, 3, 6, 7], "texture": "#0"},
				"south": {"uv": [0, 0, 0.25, 4], "texture": "#0"},
				"west": {"uv": [0, 0, 3, 4], "texture": "#0"},
				"up": {"uv": [8.75, 0, 9, 3], "texture": "#0"},
				"down": {"uv": [5.75, 0, 6, 3], "texture": "#0"}
			}
		},
		{
			"from": [13, 0, 2],
			"to": [14, 16, 14],
			"rotation": {"angle": 0, "axis": "y", "origin": [8, 6.5, 8]},
			"faces": {
				"north": {"uv": [0, 0, 0.25, 4], "texture": "#0"},
				"east": {"uv": [0, 0, 3, 4], "texture": "#0"},
				"south": {"uv": [2.75, 0, 3, 4], "texture": "#0"},
				"west": {"uv": [3, 3, 6, 7], "texture": "#0"},
				"up": {"uv": [6, 0, 6.25, 3], "texture": "#0"},
				"down": {"uv": [3, 0, 3.25, 3], "texture": "#0"}
			}
		},
		{
			"from": [3, 0, 13],
			"to": [13, 16, 14],
			"rotation": {"angle": 0, "axis": "y", "origin": [8, 6.5, 8]},
			"faces": {
				"north": {"uv": [3.25, 3, 5.75, 7], "texture": "#0"},
				"south": {"uv": [0.25, 0, 2.75, 4], "texture": "#0"},
				"up": {"uv": [6.25, 0, 8.75, 0.25], "texture": "#0"},
				"down": {"uv": [3.25, 2.75, 5.75, 3], "texture": "#0"}
			}
		},
		{
			"from": [3, 0, 2],
			"to": [13, 16, 3],
			"rotation": {"angle": 0, "axis": "y", "origin": [8, 6.5, 8]},
			"faces": {
				"north": {"uv": [0.25, 0, 2.75, 4], "texture": "#0"},
				"south": {"uv": [3.25, 3, 5.75, 7], "texture": "#0"},
				"up": {"uv": [6.25, 2.75, 8.75, 3], "texture": "#0"},
				"down": {"uv": [3.25, 0.25, 5.75, 0], "texture": "#0"}
			}
		},
		{
			"from": [3, 0, 3],
			"to": [13, 1, 13],
			"rotation": {"angle": 0, "axis": "y", "origin": [8, 6.5, 8]},
			"faces": {
				"up": {"uv": [9, 0.5, 11.5, 3], "texture": "#0"},
				"down": {"uv": [3.25, 0.25, 5.75, 2.75], "texture": "#0"}
			}
		},
		{
			"from": [1, 13, 6],
			"to": [2, 14, 7],
			"rotation": {"angle": 0, "axis": "y", "origin": [8, 10.31818, 8]},
			"faces": {
				"north": {"uv": [1.25, 4, 1.5, 4.25], "texture": "#0"},
				"east": {"uv": [1.25, 4, 1.5, 4.25], "texture": "#0"},
				"south": {"uv": [1.25, 4, 1.5, 4.25], "texture": "#0"},
				"west": {"uv": [1.25, 4, 1.5, 4.25], "texture": "#0"},
				"up": {"uv": [1.25, 4, 1.5, 4.25], "texture": "#0"},
				"down": {"uv": [1.25, 4, 1.5, 4.25], "texture": "#0"}
			}
		},
		{
			"from": [0, 13, 6],
			"to": [1, 14, 10],
			"rotation": {"angle": 0, "axis": "y", "origin": [8, 10.31818, 8]},
			"faces": {
				"north": {"uv": [1.25, 4.25, 1.5, 4.5], "texture": "#0"},
				"east": {"uv": [1.25, 4.25, 2.25, 4.5], "texture": "#0"},
				"south": {"uv": [2, 4.25, 2.25, 4.5], "texture": "#0"},
				"west": {"uv": [1.25, 4.25, 2.25, 4.5], "texture": "#0"},
				"up": {"uv": [1.25, 4.25, 2.25, 4.5], "rotation": 90, "texture": "#0"},
				"down": {"uv": [1.25, 4.25, 2.25, 4.5], "rotation": 90, "texture": "#0"}
			}
		},
		{
			"from": [1, 13, 9],
			"to": [2, 14, 10],
			"rotation": {"angle": 0, "axis": "y", "origin": [8, 10.31818, 8]},
			"faces": {
				"north": {"uv": [2, 4, 2.25, 4.25], "texture": "#0"},
				"east": {"uv": [2, 4, 2.25, 4.25], "texture": "#0"},
				"south": {"uv": [2, 4, 2.25, 4.25], "texture": "#0"},
				"west": {"uv": [2, 4, 2.25, 4.25], "texture": "#0"},
				"up": {"uv": [2, 4, 2.25, 4.25], "texture": "#0"},
				"down": {"uv": [2, 4, 2.25, 4.25], "texture": "#0"}
			}
		},
		{
			"from": [14, 13, 9],
			"to": [15, 14, 10],
			"rotation": {"angle": 0, "axis": "y", "origin": [8, 10.31818, 8]},
			"faces": {
				"north": {"uv": [1.25, 4, 1.5, 4.25], "texture": "#0"},
				"east": {"uv": [1.25, 4, 1.5, 4.25], "texture": "#0"},
				"south": {"uv": [1.25, 4, 1.5, 4.25], "texture": "#0"},
				"west": {"uv": [1.25, 4, 1.5, 4.25], "texture": "#0"},
				"up": {"uv": [1.25, 4, 1.5, 4.25], "rotation": 180, "texture": "#0"},
				"down": {"uv": [1.25, 4, 1.5, 4.25], "rotation": 180, "texture": "#0"}
			}
		},
		{
			"from": [15, 13, 6],
			"to": [16, 14, 10],
			"rotation": {"angle": 0, "axis": "y", "origin": [8, 10.31818, 8]},
			"faces": {
				"north": {"uv": [2, 4.25, 2.25, 4.5], "texture": "#0"},
				"east": {"uv": [1.25, 4.25, 2.25, 4.5], "texture": "#0"},
				"south": {"uv": [1.25, 4.25, 1.5, 4.5], "texture": "#0"},
				"west": {"uv": [1.25, 4.25, 2.25, 4.5], "texture": "#0"},
				"up": {"uv": [1.25, 4.25, 2.25, 4.5], "rotation": 90, "texture": "#0"},
				"down": {"uv": [1.25, 4.25, 2.25, 4.5], "rotation": 90, "texture": "#0"}
			}
		},
		{
			"from": [14, 13, 6],
			"to": [15, 14, 7],
			"rotation": {"angle": 0, "axis": "y", "origin": [8, 10.31818, 8]},
			"faces": {
				"north": {"uv": [2, 4, 2.25, 4.25], "texture": "#0"},
				"east": {"uv": [2, 4, 2.25, 4.25], "texture": "#0"},
				"south": {"uv": [2, 4, 2.25, 4.25], "texture": "#0"},
				"west": {"uv": [2, 4, 2.25, 4.25], "texture": "#0"},
				"up": {"uv": [2, 4, 2.25, 4.25], "rotation": 180, "texture": "#0"},
				"down": {"uv": [2, 4, 2.25, 4.25], "rotation": 180, "texture": "#0"}
			}
		}
	],
	"display": {
		"thirdperson_righthand": {
			"rotation": [30, 45, 0],
			"translation": [0, 4, -5]
		},
		"thirdperson_lefthand": {
			"rotation": [30, 45, 0],
			"translation": [0, 4, -5]
		},
		"firstperson_righthand": {
			"scale": [0.8, 0.8, 0.8]
		},
		"firstperson_lefthand": {
			"scale": [0.8, 0.8, 0.8]
		},
		"ground": {
			"translation": [0, 2.75, 0],
			"scale": [0.8, 0.8, 0.8]
		},
		"gui": {
			"rotation": [30, 45, 0],
			"translation": [0, 1.25, 0],
			"scale": [0.8, 0.8, 0.8]
		},
		"head": {
			"rotation": [-175, 0, 0],
			"translation": [0, 5, 1],
			"scale": [1.6, 1.6, 1.6]
		},
		"fixed": {
			"translation": [0, -1, -3],
			"scale": [0.6, 0.6, 0.6]
		}
	},
	"groups": [
		{
			"name": "bin",
			"origin": [0, 0, 0],
			"color": 0,
			"nbt": "{}",
			"armAnimationEnabled": false,
			"children": [
				0,
				1,
				2,
				3,
				4,
				{
					"name": "handle",
					"origin": [0, 0, 0],
					"color": 0,
					"nbt": "{}",
					"armAnimationEnabled": false,
					"children": [5, 6, 7]
				},
				{
					"name": "handle",
					"origin": [0, 0, 0],
					"color": 0,
					"nbt": "{}",
					"armAnimationEnabled": false,
					"children": [8, 9, 10]
				}
			]
		}
	]
}