{
	"credit": "Made with Blockbench",
	"texture_size": [64, 64],
	"textures": {
		"0": "geek/city_garbage",
		"particle": "geek/city_garbage"
	},
	"elements": [
		{
			"from": [1.5, 0, 1.5],
			"to": [14.5, 2, 14.5],
			"rotation": {"angle": 0, "axis": "z", "origin": [8, 2.375, 8]},
			"faces": {
				"north": {"uv": [6, 6.25, 9.25, 6.75], "texture": "#0"},
				"east": {"uv": [6, 6.25, 9.25, 6.75], "texture": "#0"},
				"south": {"uv": [6, 6.25, 9.25, 6.75], "texture": "#0"},
				"west": {"uv": [6, 6.25, 9.25, 6.75], "texture": "#0"},
				"up": {"uv": [6, 3, 9.25, 6.25], "texture": "#0"},
				"down": {"uv": [9.25, 3, 12.5, 6.25], "texture": "#0"}
			}
		},
		{
			"from": [5.5, 2, 7.5],
			"to": [6.5, 3, 8.5],
			"rotation": {"angle": 0, "axis": "y", "origin": [8, 2.375, 8]},
			"faces": {
				"north": {"uv": [1, 4, 1.25, 4.25], "rotation": 90, "texture": "#0"},
				"east": {"uv": [1, 4, 1.25, 4.25], "rotation": 90, "texture": "#0"},
				"south": {"uv": [1, 4, 1.25, 4.25], "rotation": 90, "texture": "#0"},
				"west": {"uv": [1, 4, 1.25, 4.25], "rotation": 270, "texture": "#0"},
				"up": {"uv": [1, 4, 1.25, 4.25], "texture": "#0"},
				"down": {"uv": [1, 4, 1.25, 4.25], "rotation": 180, "texture": "#0"}
			}
		},
		{
			"from": [5.5, 3, 7.5],
			"to": [10.5, 4, 8.5],
			"rotation": {"angle": 0, "axis": "y", "origin": [8, 2.375, 8]},
			"faces": {
				"north": {"uv": [0, 4.25, 1.25, 4.5], "texture": "#0"},
				"east": {"uv": [1, 4.25, 1.25, 4.5], "rotation": 90, "texture": "#0"},
				"south": {"uv": [0, 4.25, 1.25, 4.5], "texture": "#0"},
				"west": {"uv": [0, 4.25, 0.25, 4.5], "rotation": 270, "texture": "#0"},
				"up": {"uv": [0, 4.25, 1.25, 4.5], "texture": "#0"},
				"down": {"uv": [0, 4.25, 1.25, 4.5], "rotation": 180, "texture": "#0"}
			}
		},
		{
			"from": [9.5, 2, 7.5],
			"to": [10.5, 3, 8.5],
			"rotation": {"angle": 0, "axis": "y", "origin": [8, 2.375, 8]},
			"faces": {
				"north": {"uv": [0, 4, 0.25, 4.25], "rotation": 90, "texture": "#0"},
				"east": {"uv": [0, 4, 0.25, 4.25], "rotation": 90, "texture": "#0"},
				"south": {"uv": [0, 4, 0.25, 4.25], "rotation": 90, "texture": "#0"},
				"west": {"uv": [0, 4, 0.25, 4.25], "rotation": 270, "texture": "#0"},
				"up": {"uv": [0, 4, 0.25, 4.25], "texture": "#0"},
				"down": {"uv": [0, 4, 0.25, 4.25], "rotation": 180, "texture": "#0"}
			}
		}
	],
	"display": {
		"thirdperson_righthand": {
			"rotation": [-45, 10, 150],
			"translation": [-2, -3, 4]
		},
		"thirdperson_lefthand": {
			"rotation": [-45, 10, 150],
			"translation": [-2, -3, 4]
		},
		"firstperson_righthand": {
			"rotation": [90, 0, 0],
			"translation": [-5, 2, 6]
		},
		"firstperson_lefthand": {
			"rotation": [90, 0, 1],
			"translation": [-5, 2, 6]
		},
		"ground": {
			"translation": [0, 2.75, 0],
			"scale": [0.8, 0.8, 0.8]
		},
		"gui": {
			"rotation": [30, 45, 0],
			"translation": [0, 1.25, 0],
			"scale": [0.8, 0.8, 0.8]
		},
		"head": {
			"translation": [0, 3, 0],
			"scale": [1.3, 1.3, 1.3]
		},
		"fixed": {
			"rotation": [90, 0, 0],
			"translation": [0, 0, 4]
		}
	},
	"groups": [
		{
			"name": "lid",
			"origin": [8, 8, 8],
			"color": 0,
			"nbt": "{}",
			"armAnimationEnabled": false,
			"children": [
				0,
				{
					"name": "handle",
					"origin": [0, 0, 0],
					"color": 0,
					"nbt": "{}",
					"armAnimationEnabled": false,
					"children": [1, 2, 3]
				}
			]
		}
	]
}