{
	"credit": "Made with Blockbench",
	"textures": {
		"0": "item/cookie",
		"1": "block/smooth_stone",
		"3": "block/gray_concrete",
		"4": "block/quartz_block_bottom",
		"5": "block/nether_portal",
		"particle": "item/cookie"
	},
	"elements": [
		{
			"from": [7.5, 8, 5.5],
			"to": [8.5, 11, 12.5],
			"rotation": {"angle": 0, "axis": "y", "origin": [16, 13.5, 13]},
			"faces": {
				"north": {"uv": [14, 5, 15, 11], "texture": "#0"},
				"east": {"uv": [1, 5, 15, 11], "texture": "#0"},
				"south": {"uv": [1, 5, 2, 11], "texture": "#0"},
				"west": {"uv": [15, 5, 1, 11], "texture": "#0"},
				"up": {"uv": [1, 5, 15, 6], "rotation": 270, "texture": "#0"},
				"down": {"uv": [1, 10, 15, 11], "rotation": 90, "texture": "#0"}
			}
		},
		{
			"from": [7.5, 11, 6],
			"to": [8.5, 11.5, 12],
			"rotation": {"angle": 0, "axis": "y", "origin": [16, 16.5, 13]},
			"faces": {
				"north": {"uv": [13, 4, 14, 5], "texture": "#0"},
				"east": {"uv": [2, 4, 14, 5], "texture": "#0"},
				"south": {"uv": [2, 4, 3, 5], "texture": "#0"},
				"west": {"uv": [14, 4, 2, 5], "texture": "#0"},
				"up": {"uv": [2, 4, 14, 5], "rotation": 270, "texture": "#0"},
				"down": {"uv": [1, 10, 15, 11], "rotation": 90, "texture": "#0"}
			}
		},
		{
			"from": [7.5, 11.5, 6.5],
			"to": [8.5, 12, 11.5],
			"rotation": {"angle": 0, "axis": "y", "origin": [16, 17, 13]},
			"faces": {
				"north": {"uv": [12, 3, 13, 4], "texture": "#0"},
				"east": {"uv": [3, 3, 13, 4], "texture": "#0"},
				"south": {"uv": [3, 3, 4, 4], "texture": "#0"},
				"west": {"uv": [13, 3, 3, 4], "texture": "#0"},
				"up": {"uv": [3, 3, 13, 4], "rotation": 270, "texture": "#0"},
				"down": {"uv": [1, 10, 15, 11], "rotation": 90, "texture": "#0"}
			}
		},
		{
			"from": [7.5, 12, 7.5],
			"to": [8.5, 12.5, 10.5],
			"rotation": {"angle": 0, "axis": "y", "origin": [16, 17.5, 13]},
			"faces": {
				"north": {"uv": [10, 2, 11, 3], "texture": "#0"},
				"east": {"uv": [5, 2, 11, 3], "texture": "#0"},
				"south": {"uv": [5, 2, 6, 3], "texture": "#0"},
				"west": {"uv": [11, 2, 5, 3], "texture": "#0"},
				"up": {"uv": [5, 2, 11, 3], "rotation": 270, "texture": "#0"},
				"down": {"uv": [1, 10, 15, 11], "rotation": 90, "texture": "#0"}
			}
		},
		{
			"from": [7.5, 7.5, 6],
			"to": [8.5, 8, 12],
			"rotation": {"angle": 0, "axis": "y", "origin": [16, 13, 13]},
			"faces": {
				"north": {"uv": [13, 11, 14, 12], "texture": "#0"},
				"east": {"uv": [2, 11, 14, 12], "texture": "#0"},
				"south": {"uv": [2, 11, 3, 12], "texture": "#0"},
				"west": {"uv": [14, 11, 2, 12], "texture": "#0"},
				"up": {"uv": [2, 4, 14, 5], "rotation": 270, "texture": "#0"},
				"down": {"uv": [2, 11, 14, 12], "rotation": 90, "texture": "#0"}
			}
		},
		{
			"from": [7.5, 7, 6.5],
			"to": [8.5, 7.5, 11.5],
			"rotation": {"angle": 0, "axis": "y", "origin": [16, 12.5, 13]},
			"faces": {
				"north": {"uv": [12, 12, 13, 13], "texture": "#0"},
				"east": {"uv": [3, 12, 13, 13], "texture": "#0"},
				"south": {"uv": [3, 12, 4, 13], "texture": "#0"},
				"west": {"uv": [13, 12, 3, 13], "texture": "#0"},
				"up": {"uv": [3, 3, 13, 4], "rotation": 270, "texture": "#0"},
				"down": {"uv": [3, 12, 13, 13], "rotation": 90, "texture": "#0"}
			}
		},
		{
			"from": [7.5, 6.5, 7.5],
			"to": [8.5, 7, 10.5],
			"rotation": {"angle": 0, "axis": "y", "origin": [16, 12, 13]},
			"faces": {
				"north": {"uv": [10, 13, 11, 14], "texture": "#0"},
				"east": {"uv": [5, 13, 11, 14], "texture": "#0"},
				"south": {"uv": [5, 13, 6, 14], "texture": "#0"},
				"west": {"uv": [11, 13, 5, 14], "texture": "#0"},
				"up": {"uv": [5, 13, 11, 14], "rotation": 270, "texture": "#0"},
				"down": {"uv": [5, 13, 11, 14], "rotation": 90, "texture": "#0"}
			}
		},
		{
			"from": [5.5, 3.25, 7.5],
			"to": [6, 3.5, 11.5],
			"rotation": {"angle": 0, "axis": "y", "origin": [11.5, 9.5, 8.5]},
			"faces": {
				"north": {"uv": [5, 4, 6, 5], "texture": "#0"},
				"east": {"uv": [5, 4, 11, 5], "texture": "#0"},
				"south": {"uv": [5, 4, 6, 5], "texture": "#0"},
				"west": {"uv": [5, 4, 11, 5], "texture": "#0"},
				"up": {"uv": [6, 5, 7, 11], "texture": "#0"},
				"down": {"uv": [6, 5, 7, 11], "texture": "#0"}
			}
		},
		{
			"from": [10, 3.25, 7.5],
			"to": [10.5, 3.5, 11.5],
			"rotation": {"angle": 0, "axis": "y", "origin": [16, 9.5, 8.5]},
			"faces": {
				"north": {"uv": [5, 4, 6, 5], "texture": "#0"},
				"east": {"uv": [5, 4, 11, 5], "texture": "#0"},
				"south": {"uv": [5, 4, 6, 5], "texture": "#0"},
				"west": {"uv": [5, 4, 11, 5], "texture": "#0"},
				"up": {"uv": [6, 5, 7, 11], "texture": "#0"},
				"down": {"uv": [6, 5, 7, 11], "texture": "#0"}
			}
		},
		{
			"from": [5.5, 3.25, 11.75],
			"to": [6, 3.5, 13.5],
			"rotation": {"angle": 0, "axis": "y", "origin": [11.5, 9.5, 10.5]},
			"faces": {
				"north": {"uv": [5, 4, 6, 5], "texture": "#0"},
				"east": {"uv": [5, 4, 11, 5], "texture": "#0"},
				"south": {"uv": [5, 4, 6, 5], "texture": "#0"},
				"west": {"uv": [5, 4, 11, 5], "texture": "#0"},
				"up": {"uv": [6, 5, 7, 11], "texture": "#0"},
				"down": {"uv": [6, 5, 7, 11], "texture": "#0"}
			}
		},
		{
			"from": [10, 3.25, 11.75],
			"to": [10.5, 3.5, 13.5],
			"rotation": {"angle": 0, "axis": "y", "origin": [16, 9.5, 10.5]},
			"faces": {
				"north": {"uv": [5, 4, 6, 5], "texture": "#0"},
				"east": {"uv": [5, 4, 11, 5], "texture": "#0"},
				"south": {"uv": [5, 4, 6, 5], "texture": "#0"},
				"west": {"uv": [5, 4, 11, 5], "texture": "#0"},
				"up": {"uv": [6, 5, 7, 11], "texture": "#0"},
				"down": {"uv": [6, 5, 7, 11], "texture": "#0"}
			}
		},
		{
			"from": [5.5, 2.75, 7.5],
			"to": [6, 3, 9.25],
			"rotation": {"angle": 0, "axis": "y", "origin": [11.5, 9, 6.25]},
			"faces": {
				"north": {"uv": [5, 4, 6, 5], "texture": "#0"},
				"east": {"uv": [5, 4, 11, 5], "texture": "#0"},
				"south": {"uv": [5, 4, 6, 5], "texture": "#0"},
				"west": {"uv": [5, 4, 11, 5], "texture": "#0"},
				"up": {"uv": [6, 5, 7, 11], "texture": "#0"},
				"down": {"uv": [6, 5, 7, 11], "texture": "#0"}
			}
		},
		{
			"from": [10, 2.75, 7.5],
			"to": [10.5, 3, 9.25],
			"rotation": {"angle": 0, "axis": "y", "origin": [16, 9, 6.25]},
			"faces": {
				"north": {"uv": [5, 4, 6, 5], "texture": "#0"},
				"east": {"uv": [5, 4, 11, 5], "texture": "#0"},
				"south": {"uv": [5, 4, 6, 5], "texture": "#0"},
				"west": {"uv": [5, 4, 11, 5], "texture": "#0"},
				"up": {"uv": [6, 5, 7, 11], "texture": "#0"},
				"down": {"uv": [6, 5, 7, 11], "texture": "#0"}
			}
		},
		{
			"from": [5.5, 2.75, 9.5],
			"to": [6, 3, 13.5],
			"rotation": {"angle": 0, "axis": "y", "origin": [11.5, 9, 8.5]},
			"faces": {
				"north": {"uv": [5, 4, 6, 5], "texture": "#0"},
				"east": {"uv": [5, 4, 11, 5], "texture": "#0"},
				"south": {"uv": [5, 4, 6, 5], "texture": "#0"},
				"west": {"uv": [5, 4, 11, 5], "texture": "#0"},
				"up": {"uv": [6, 5, 7, 11], "texture": "#0"},
				"down": {"uv": [6, 5, 7, 11], "texture": "#0"}
			}
		},
		{
			"from": [10, 2.75, 9.5],
			"to": [10.5, 3, 13.5],
			"rotation": {"angle": 0, "axis": "y", "origin": [16, 9, 8.5]},
			"faces": {
				"north": {"uv": [5, 4, 6, 5], "texture": "#0"},
				"east": {"uv": [5, 4, 11, 5], "texture": "#0"},
				"south": {"uv": [5, 4, 6, 5], "texture": "#0"},
				"west": {"uv": [5, 4, 11, 5], "texture": "#0"},
				"up": {"uv": [6, 5, 7, 11], "texture": "#0"},
				"down": {"uv": [6, 5, 7, 11], "texture": "#0"}
			}
		},
		{
			"from": [5.75, 2.5, 7.25],
			"to": [6, 3.75, 13.75],
			"rotation": {"angle": 0, "axis": "y", "origin": [11.5, 9.75, 8.5]},
			"faces": {
				"north": {"uv": [9.25, 11.25, 9.75, 11.75], "texture": "#0"},
				"east": {"uv": [9.25, 11.25, 9.75, 11.75], "texture": "#0"},
				"south": {"uv": [9.25, 11.25, 9.75, 11.75], "texture": "#0"},
				"west": {"uv": [9.25, 11.25, 9.75, 11.75], "texture": "#0"},
				"up": {"uv": [9.25, 11.25, 9.75, 11.75], "texture": "#0"},
				"down": {"uv": [9.25, 11.25, 9.75, 11.75], "texture": "#0"}
			}
		},
		{
			"from": [10, 2.5, 7.25],
			"to": [10.25, 3.75, 13.75],
			"rotation": {"angle": 0, "axis": "y", "origin": [15.75, 9.75, 8.5]},
			"faces": {
				"north": {"uv": [9.25, 11.25, 9.75, 11.75], "texture": "#0"},
				"east": {"uv": [9.25, 11.25, 9.75, 11.75], "texture": "#0"},
				"south": {"uv": [9.25, 11.25, 9.75, 11.75], "texture": "#0"},
				"west": {"uv": [9.25, 11.25, 9.75, 11.75], "texture": "#0"},
				"up": {"uv": [9.25, 11.25, 9.75, 11.75], "texture": "#0"},
				"down": {"uv": [9.25, 11.25, 9.75, 11.75], "texture": "#0"}
			}
		},
		{
			"from": [5.75, 4.25, 10.75],
			"to": [10.25, 6.25, 11.75],
			"rotation": {"angle": 0, "axis": "y", "origin": [11.5, 11.25, 8.75]},
			"faces": {
				"north": {"uv": [0, 0, 4.5, 2], "texture": "#3"},
				"east": {"uv": [0, 0, 1, 2], "texture": "#3"},
				"south": {"uv": [0, 0, 4.5, 2], "texture": "#3"},
				"west": {"uv": [0, 0, 1, 2], "texture": "#3"},
				"up": {"uv": [0, 0, 4.5, 1], "texture": "#3"},
				"down": {"uv": [0, 0, 4.5, 1], "texture": "#3"}
			}
		},
		{
			"from": [5.75, 4.25, 12.25],
			"to": [10.25, 6.25, 13.25],
			"rotation": {"angle": 0, "axis": "y", "origin": [11.5, 11.25, 10.25]},
			"faces": {
				"north": {"uv": [0, 0, 4.5, 2], "texture": "#3"},
				"east": {"uv": [0, 0, 1, 2], "texture": "#3"},
				"south": {"uv": [0, 0, 4.5, 2], "texture": "#3"},
				"west": {"uv": [0, 0, 1, 2], "texture": "#3"},
				"up": {"uv": [0, 0, 4.5, 1], "texture": "#3"},
				"down": {"uv": [0, 0, 4.5, 1], "texture": "#3"}
			}
		},
		{
			"from": [5.25, 1.25, 4.25],
			"to": [10.75, 6.75, 5.75],
			"rotation": {"angle": 0, "axis": "y", "origin": [16, 5.75, 6]},
			"faces": {
				"north": {"uv": [9.25, 11.25, 9.75, 11.75], "texture": "#0"},
				"east": {"uv": [9.25, 11.25, 9.75, 11.75], "texture": "#0"},
				"south": {"uv": [9.25, 11.25, 9.75, 11.75], "texture": "#0"},
				"west": {"uv": [9.25, 11.25, 9.75, 11.75], "texture": "#0"},
				"up": {"uv": [9.25, 11.25, 9.75, 11.75], "texture": "#0"},
				"down": {"uv": [9.25, 11.25, 9.75, 11.75], "texture": "#0"}
			}
		},
		{
			"from": [5, 1, 4.5],
			"to": [11, 7, 5.5],
			"rotation": {"angle": 0, "axis": "y", "origin": [16, 5.75, 6]},
			"faces": {
				"north": {"uv": [5, 10, 9, 12], "texture": "#0"},
				"east": {"uv": [6, 5, 7, 11], "texture": "#0"},
				"south": {"uv": [5, 10, 9, 12], "texture": "#0"},
				"west": {"uv": [6, 5, 7, 11], "texture": "#0"},
				"up": {"uv": [7, 7, 13, 8], "texture": "#0"},
				"down": {"uv": [5, 4, 11, 5], "texture": "#0"}
			}
		},
		{
			"from": [5.5, 1.5, 1.75],
			"to": [10.5, 6.5, 3.25],
			"rotation": {"angle": 0, "axis": "y", "origin": [16, 5.75, 3.5]},
			"faces": {
				"north": {"uv": [9.25, 11.25, 9.75, 11.75], "texture": "#0"},
				"east": {"uv": [9.25, 11.25, 9.75, 11.75], "texture": "#0"},
				"south": {"uv": [9.25, 11.25, 9.75, 11.75], "texture": "#0"},
				"west": {"uv": [9.25, 11.25, 9.75, 11.75], "texture": "#0"},
				"up": {"uv": [9.25, 11.25, 9.75, 11.75], "texture": "#0"},
				"down": {"uv": [9.25, 11.25, 9.75, 11.75], "texture": "#0"}
			}
		},
		{
			"from": [5.25, 1.25, 2],
			"to": [10.75, 6.75, 3],
			"rotation": {"angle": 0, "axis": "y", "origin": [16, 5.75, 3.5]},
			"faces": {
				"north": {"uv": [5, 10, 9, 12], "texture": "#0"},
				"east": {"uv": [6, 5, 7, 11], "texture": "#0"},
				"south": {"uv": [5, 10, 9, 12], "texture": "#0"},
				"west": {"uv": [6, 5, 7, 11], "texture": "#0"},
				"up": {"uv": [7, 7, 13, 8], "texture": "#0"},
				"down": {"uv": [5, 4, 11, 5], "texture": "#0"}
			}
		},
		{
			"from": [5.75, 1.75, -0.75],
			"to": [10.25, 6.25, 0.75],
			"rotation": {"angle": 0, "axis": "y", "origin": [16, 5.75, 1]},
			"faces": {
				"north": {"uv": [9.25, 11.25, 9.75, 11.75], "texture": "#0"},
				"east": {"uv": [9.25, 11.25, 9.75, 11.75], "texture": "#0"},
				"south": {"uv": [9.25, 11.25, 9.75, 11.75], "texture": "#0"},
				"west": {"uv": [9.25, 11.25, 9.75, 11.75], "texture": "#0"},
				"up": {"uv": [9.25, 11.25, 9.75, 11.75], "texture": "#0"},
				"down": {"uv": [9.25, 11.25, 9.75, 11.75], "texture": "#0"}
			}
		},
		{
			"from": [5.75, 1.75, 15.25],
			"to": [10.25, 6.25, 16.75],
			"rotation": {"angle": 0, "axis": "y", "origin": [16, 5.75, 17]},
			"faces": {
				"north": {"uv": [9.25, 11.25, 9.75, 11.75], "texture": "#0"},
				"east": {"uv": [9.25, 11.25, 9.75, 11.75], "texture": "#0"},
				"south": {"uv": [9.25, 11.25, 9.75, 11.75], "texture": "#0"},
				"west": {"uv": [9.25, 11.25, 9.75, 11.75], "texture": "#0"},
				"up": {"uv": [9.25, 11.25, 9.75, 11.75], "texture": "#0"},
				"down": {"uv": [9.25, 11.25, 9.75, 11.75], "texture": "#0"}
			}
		},
		{
			"from": [5.5, 1.5, -0.5],
			"to": [10.5, 6.5, 0.5],
			"rotation": {"angle": 0, "axis": "y", "origin": [16, 5.75, 1]},
			"faces": {
				"north": {"uv": [5, 10, 9, 12], "texture": "#0"},
				"east": {"uv": [6, 5, 7, 11], "texture": "#0"},
				"south": {"uv": [5, 10, 9, 12], "texture": "#0"},
				"west": {"uv": [6, 5, 7, 11], "texture": "#0"},
				"up": {"uv": [7, 7, 13, 8], "texture": "#0"},
				"down": {"uv": [5, 4, 11, 5], "texture": "#0"}
			}
		},
		{
			"from": [5.5, 1.5, 15.5],
			"to": [10.5, 6.5, 16.5],
			"rotation": {"angle": 0, "axis": "y", "origin": [16, 5.75, 17]},
			"faces": {
				"north": {"uv": [5, 10, 9, 12], "texture": "#0"},
				"east": {"uv": [6, 5, 7, 11], "texture": "#0"},
				"south": {"uv": [5, 10, 9, 12], "texture": "#0"},
				"west": {"uv": [6, 5, 7, 11], "texture": "#0"},
				"up": {"uv": [7, 7, 13, 8], "texture": "#0"},
				"down": {"uv": [5, 4, 11, 5], "texture": "#0"}
			}
		},
		{
			"from": [6, 2, -3.25],
			"to": [10, 6, -1.75],
			"rotation": {"angle": 0, "axis": "y", "origin": [16, 5.75, -1.5]},
			"faces": {
				"north": {"uv": [9.25, 11.25, 9.75, 11.75], "texture": "#0"},
				"east": {"uv": [9.25, 11.25, 9.75, 11.75], "texture": "#0"},
				"south": {"uv": [9.25, 11.25, 9.75, 11.75], "texture": "#0"},
				"west": {"uv": [9.25, 11.25, 9.75, 11.75], "texture": "#0"},
				"up": {"uv": [9.25, 11.25, 9.75, 11.75], "texture": "#0"},
				"down": {"uv": [9.25, 11.25, 9.75, 11.75], "texture": "#0"}
			}
		},
		{
			"from": [6.25, 2.25, 17.75],
			"to": [9.75, 5.75, 19.25],
			"rotation": {"angle": 0, "axis": "y", "origin": [16, 5.75, 19.5]},
			"faces": {
				"north": {"uv": [9.25, 11.25, 9.75, 11.75], "texture": "#0"},
				"east": {"uv": [9.25, 11.25, 9.75, 11.75], "texture": "#0"},
				"south": {"uv": [9.25, 11.25, 9.75, 11.75], "texture": "#0"},
				"west": {"uv": [9.25, 11.25, 9.75, 11.75], "texture": "#0"},
				"up": {"uv": [9.25, 11.25, 9.75, 11.75], "texture": "#0"},
				"down": {"uv": [9.25, 11.25, 9.75, 11.75], "texture": "#0"}
			}
		},
		{
			"from": [5.75, 1.75, -3],
			"to": [10.25, 6.25, -2],
			"rotation": {"angle": 0, "axis": "y", "origin": [16, 5.75, -1.5]},
			"faces": {
				"north": {"uv": [5, 10, 9, 12], "texture": "#0"},
				"east": {"uv": [6, 5, 7, 11], "texture": "#0"},
				"south": {"uv": [5, 10, 9, 12], "texture": "#0"},
				"west": {"uv": [6, 5, 7, 11], "texture": "#0"},
				"up": {"uv": [7, 7, 13, 8], "texture": "#0"},
				"down": {"uv": [5, 4, 11, 5], "texture": "#0"}
			}
		},
		{
			"from": [6, 2, 18],
			"to": [10, 6, 19],
			"rotation": {"angle": 0, "axis": "y", "origin": [16, 5.75, 19.5]},
			"faces": {
				"north": {"uv": [5, 10, 9, 12], "texture": "#0"},
				"east": {"uv": [6, 5, 7, 11], "texture": "#0"},
				"south": {"uv": [5, 10, 9, 12], "texture": "#0"},
				"west": {"uv": [6, 5, 7, 11], "texture": "#0"},
				"up": {"uv": [7, 7, 13, 8], "texture": "#0"},
				"down": {"uv": [5, 4, 11, 5], "texture": "#0"}
			}
		},
		{
			"from": [7, -1, 7],
			"to": [9, 5, 9],
			"rotation": {"angle": -22.5, "axis": "x", "origin": [9, 5, 9]},
			"faces": {
				"north": {"uv": [1, 1, 3, 7], "texture": "#1"},
				"east": {"uv": [1, 1, 3, 7], "texture": "#1"},
				"south": {"uv": [1, 1, 3, 7], "texture": "#1"},
				"west": {"uv": [1, 1, 3, 7], "texture": "#1"},
				"up": {"uv": [1, 1, 3, 3], "texture": "#1"},
				"down": {"uv": [1, 1, 3, 3], "texture": "#1"}
			}
		},
		{
			"from": [5.5, 1.5, 4],
			"to": [10.5, 6.5, 6],
			"rotation": {"angle": 0, "axis": "y", "origin": [16, 11, 6]},
			"faces": {
				"north": {"uv": [0, 0, 5, 5], "texture": "#4"},
				"east": {"uv": [0, 0, 2, 5], "texture": "#4"},
				"south": {"uv": [0, 0, 5, 5], "texture": "#4"},
				"west": {"uv": [0, 0, 2, 5], "texture": "#4"},
				"up": {"uv": [0, 0, 5, 2], "texture": "#4"},
				"down": {"uv": [0, 0, 5, 2], "texture": "#4"}
			}
		},
		{
			"from": [5.75, 1.75, 1.5],
			"to": [10.25, 6.25, 3.5],
			"rotation": {"angle": 0, "axis": "y", "origin": [16, 11, 3.5]},
			"faces": {
				"north": {"uv": [0, 0, 4.5, 4.5], "texture": "#4"},
				"east": {"uv": [0, 0, 2, 4.5], "texture": "#4"},
				"south": {"uv": [0, 0, 4.5, 4.5], "texture": "#4"},
				"west": {"uv": [0, 0, 2, 4.5], "texture": "#4"},
				"up": {"uv": [0, 0, 4.5, 2], "texture": "#4"},
				"down": {"uv": [0, 0, 4.5, 2], "texture": "#4"}
			}
		},
		{
			"from": [6, 2, -1],
			"to": [10, 6, 1],
			"rotation": {"angle": 0, "axis": "y", "origin": [16, 11, 1]},
			"faces": {
				"north": {"uv": [0, 0, 4, 4], "texture": "#4"},
				"east": {"uv": [0, 0, 2, 4], "texture": "#4"},
				"south": {"uv": [0, 0, 4, 4], "texture": "#4"},
				"west": {"uv": [0, 0, 2, 4], "texture": "#4"},
				"up": {"uv": [0, 0, 4, 2], "texture": "#4"},
				"down": {"uv": [0, 0, 4, 2], "texture": "#4"}
			}
		},
		{
			"from": [6.25, 2.25, -3.5],
			"to": [9.75, 5.75, -1.5],
			"rotation": {"angle": 0, "axis": "y", "origin": [16, 11, -1.5]},
			"faces": {
				"north": {"uv": [0, 0, 3.5, 3.5], "texture": "#4"},
				"east": {"uv": [0, 0, 2, 3.5], "texture": "#4"},
				"south": {"uv": [0, 0, 3.5, 3.5], "texture": "#4"},
				"west": {"uv": [0, 0, 2, 3.5], "texture": "#4"},
				"up": {"uv": [0, 0, 3.5, 2], "texture": "#4"},
				"down": {"uv": [0, 0, 3.5, 2], "texture": "#4"}
			}
		},
		{
			"from": [6.75, 2.75, -7.5],
			"to": [7, 5.25, -4.5],
			"rotation": {"angle": 0, "axis": "y", "origin": [16, 11, -4.5]},
			"faces": {
				"north": {"uv": [0, 0, 0.25, 2.5], "texture": "#4"},
				"east": {"uv": [0, 0, 3, 2.5], "texture": "#3"},
				"south": {"uv": [0, 0, 0.25, 2.5], "texture": "#4"},
				"west": {"uv": [0, 0, 3, 2.5], "texture": "#4"},
				"up": {"uv": [0, 0, 0.25, 3], "texture": "#4"},
				"down": {"uv": [0, 0, 0.25, 3], "texture": "#4"}
			}
		},
		{
			"from": [9, 2.75, -7.5],
			"to": [9.25, 5.25, -4.5],
			"rotation": {"angle": 0, "axis": "y", "origin": [18.5, 11, -4.5]},
			"faces": {
				"north": {"uv": [0, 0, 0.25, 2.5], "texture": "#4"},
				"east": {"uv": [0, 0, 3, 2.5], "texture": "#4"},
				"south": {"uv": [0, 0, 0.25, 2.5], "texture": "#4"},
				"west": {"uv": [0, 0, 3, 2.5], "texture": "#3"},
				"up": {"uv": [0, 0, 0.25, 3], "texture": "#4"},
				"down": {"uv": [0, 0, 0.25, 3], "texture": "#4"}
			}
		},
		{
			"from": [7, 5, -7.5],
			"to": [9, 5.25, -4.5],
			"rotation": {"angle": 0, "axis": "y", "origin": [18.5, 11, -4.5]},
			"faces": {
				"north": {"uv": [0, 0, 2, 0.25], "texture": "#4"},
				"east": {"uv": [0, 0, 3, 0.25], "texture": "#4"},
				"south": {"uv": [0, 0, 2, 0.25], "texture": "#4"},
				"west": {"uv": [0, 0, 3, 0.25], "texture": "#4"},
				"up": {"uv": [0, 0, 2, 3], "texture": "#4"},
				"down": {"uv": [0, 0, 2, 3], "texture": "#3"}
			}
		},
		{
			"from": [7, 2.75, -7.5],
			"to": [9, 3, -4.5],
			"rotation": {"angle": 0, "axis": "y", "origin": [18.5, 8.5, -4.5]},
			"faces": {
				"north": {"uv": [0, 0, 2, 0.25], "texture": "#4"},
				"east": {"uv": [0, 0, 3, 0.25], "texture": "#4"},
				"south": {"uv": [0, 0, 2, 0.25], "texture": "#4"},
				"west": {"uv": [0, 0, 3, 0.25], "texture": "#4"},
				"up": {"uv": [0, 0, 2, 3], "texture": "#3"},
				"down": {"uv": [0, 0, 2, 3], "texture": "#4"}
			}
		},
		{
			"from": [7, 3, -6.5],
			"to": [9, 5, -6.5],
			"rotation": {"angle": 0, "axis": "y", "origin": [18.5, 8.5, -5.5]},
			"faces": {
				"north": {"uv": [0, 0, 16, 16], "texture": "#5"}
			}
		},
		{
			"from": [6, 2, 6.5],
			"to": [10, 6, 14.5],
			"rotation": {"angle": 0, "axis": "y", "origin": [16, 11, 8.5]},
			"faces": {
				"north": {"uv": [0, 0, 4, 4], "texture": "#4"},
				"east": {"uv": [0, 0, 8, 4], "texture": "#4"},
				"south": {"uv": [0, 0, 4, 4], "texture": "#4"},
				"west": {"uv": [0, 0, 8, 4], "texture": "#4"},
				"up": {"uv": [0, 0, 4, 8], "texture": "#4"},
				"down": {"uv": [0, 0, 4, 8], "texture": "#4"}
			}
		},
		{
			"from": [6, 2, 15],
			"to": [10, 6, 17],
			"rotation": {"angle": 0, "axis": "y", "origin": [16, 11, 17]},
			"faces": {
				"north": {"uv": [0, 0, 4, 4], "texture": "#4"},
				"east": {"uv": [0, 0, 2, 4], "texture": "#4"},
				"south": {"uv": [0, 0, 4, 4], "texture": "#4"},
				"west": {"uv": [0, 0, 2, 4], "texture": "#4"},
				"up": {"uv": [0, 0, 4, 2], "texture": "#4"},
				"down": {"uv": [0, 0, 4, 2], "texture": "#4"}
			}
		},
		{
			"from": [7, 1.5, 20.5],
			"to": [9, 6.5, 22.5],
			"rotation": {"angle": 0, "axis": "y", "origin": [16, 11, 22.5]},
			"faces": {
				"north": {"uv": [0, 0, 2, 5], "texture": "#4"},
				"east": {"uv": [0, 0, 2, 5], "texture": "#4"},
				"south": {"uv": [0, 0, 2, 5], "texture": "#4"},
				"west": {"uv": [0, 0, 2, 5], "texture": "#4"},
				"up": {"uv": [0, 0, 2, 2], "texture": "#4"},
				"down": {"uv": [0, 0, 2, 2], "texture": "#4"}
			}
		},
		{
			"from": [6.75, 1.25, 21],
			"to": [9.25, 6.75, 22],
			"rotation": {"angle": 0, "axis": "y", "origin": [16, 11, 23]},
			"faces": {
				"north": {"uv": [1, 1, 4, 7], "texture": "#1"},
				"east": {"uv": [1, 1, 2, 7], "texture": "#1"},
				"south": {"uv": [1, 1, 4, 7], "texture": "#1"},
				"west": {"uv": [1, 1, 2, 7], "texture": "#1"},
				"up": {"uv": [1, 1, 4, 2], "texture": "#1"},
				"down": {"uv": [1, 1, 4, 2], "texture": "#1"}
			}
		},
		{
			"from": [6.5, 2.5, 17.5],
			"to": [9.5, 5.5, 19.5],
			"rotation": {"angle": 0, "axis": "y", "origin": [16, 11, 19.5]},
			"faces": {
				"north": {"uv": [0, 0, 3, 3], "texture": "#4"},
				"east": {"uv": [0, 0, 2, 3], "texture": "#4"},
				"south": {"uv": [0, 0, 3, 3], "texture": "#4"},
				"west": {"uv": [0, 0, 2, 3], "texture": "#4"},
				"up": {"uv": [0, 0, 3, 2], "texture": "#4"},
				"down": {"uv": [0, 0, 3, 2], "texture": "#4"}
			}
		},
		{
			"from": [10, 5.5, 8],
			"to": [11, 8, 10],
			"rotation": {"angle": 0, "axis": "z", "origin": [10, 5, 8]},
			"faces": {
				"north": {"uv": [1, 1, 4, 2], "rotation": 90, "texture": "#1"},
				"east": {"uv": [1, 1, 4, 3], "rotation": 270, "texture": "#1"},
				"south": {"uv": [1, 1, 4, 2], "rotation": 270, "texture": "#1"},
				"west": {"uv": [1, 1, 4, 3], "rotation": 270, "texture": "#1"},
				"up": {"uv": [1, 1, 3, 2], "rotation": 270, "texture": "#1"},
				"down": {"uv": [1, 1, 3, 2], "rotation": 270, "texture": "#1"}
			}
		},
		{
			"from": [5, 5.5, 8],
			"to": [6, 8, 10],
			"rotation": {"angle": 0, "axis": "z", "origin": [5, 5, 8]},
			"faces": {
				"north": {"uv": [1, 1, 4, 2], "rotation": 90, "texture": "#1"},
				"east": {"uv": [1, 1, 4, 3], "rotation": 270, "texture": "#1"},
				"south": {"uv": [1, 1, 4, 2], "rotation": 270, "texture": "#1"},
				"west": {"uv": [1, 1, 4, 3], "rotation": 270, "texture": "#1"},
				"up": {"uv": [1, 1, 3, 2], "rotation": 270, "texture": "#1"},
				"down": {"uv": [1, 1, 3, 2], "rotation": 270, "texture": "#1"}
			}
		},
		{
			"from": [5, 8, 8],
			"to": [6, 9.75, 10],
			"rotation": {"angle": -45, "axis": "z", "origin": [5, 8, 8]},
			"faces": {
				"north": {"uv": [1, 1, 5, 2], "rotation": 90, "texture": "#1"},
				"east": {"uv": [1, 1, 5, 3], "rotation": 270, "texture": "#1"},
				"south": {"uv": [1, 1, 5, 2], "rotation": 270, "texture": "#1"},
				"west": {"uv": [1, 1, 5, 3], "rotation": 270, "texture": "#1"},
				"up": {"uv": [1, 1, 3, 2], "rotation": 270, "texture": "#1"},
				"down": {"uv": [1, 1, 3, 2], "rotation": 270, "texture": "#1"}
			}
		},
		{
			"from": [5, 5.5, 8],
			"to": [8, 6.5, 10],
			"rotation": {"angle": -45, "axis": "z", "origin": [5, 5.5, 8]},
			"faces": {
				"north": {"uv": [1, 1, 4, 2], "rotation": 180, "texture": "#1"},
				"east": {"uv": [1, 1, 3, 2], "rotation": 180, "texture": "#1"},
				"south": {"uv": [1, 1, 4, 2], "rotation": 180, "texture": "#1"},
				"west": {"uv": [1, 1, 3, 2], "rotation": 180, "texture": "#1"},
				"up": {"uv": [1, 1, 4, 3], "rotation": 180, "texture": "#1"},
				"down": {"uv": [1, 1, 4, 3], "rotation": 180, "texture": "#1"}
			}
		},
		{
			"from": [9.25, 7, 8],
			"to": [11, 8, 10],
			"rotation": {"angle": -45, "axis": "z", "origin": [11, 8, 8]},
			"faces": {
				"north": {"uv": [1, 1, 5, 2], "rotation": 180, "texture": "#1"},
				"east": {"uv": [1, 1, 3, 2], "rotation": 180, "texture": "#1"},
				"south": {"uv": [1, 1, 5, 2], "rotation": 180, "texture": "#1"},
				"west": {"uv": [1, 1, 3, 2], "rotation": 180, "texture": "#1"},
				"up": {"uv": [1, 1, 5, 3], "rotation": 180, "texture": "#1"},
				"down": {"uv": [1, 1, 5, 3], "rotation": 180, "texture": "#1"}
			}
		},
		{
			"from": [6.25, 8.95, 8.45],
			"to": [9.75, 9.15, 8.65],
			"rotation": {"angle": 0, "axis": "z", "origin": [9, 8.15, 7.95]},
			"faces": {
				"north": {"uv": [1, 1, 1.5, 4.5], "rotation": 90, "texture": "#5"},
				"east": {"uv": [1, 1, 1.5, 1.5], "rotation": 270, "texture": "#5"},
				"south": {"uv": [1, 1, 1.5, 4.5], "rotation": 270, "texture": "#5"},
				"west": {"uv": [1, 1, 1.5, 1.5], "rotation": 270, "texture": "#5"},
				"up": {"uv": [1, 1, 1.5, 4.5], "rotation": 270, "texture": "#5"},
				"down": {"uv": [1, 1, 1.5, 4.5], "rotation": 270, "texture": "#5"}
			}
		},
		{
			"from": [6.25, 8.95, 9.375],
			"to": [9.75, 9.15, 9.575],
			"rotation": {"angle": 0, "axis": "z", "origin": [9, 8.15, 8.875]},
			"faces": {
				"north": {"uv": [1, 1, 1.5, 4.5], "rotation": 90, "texture": "#5"},
				"east": {"uv": [1, 1, 1.5, 1.5], "rotation": 270, "texture": "#5"},
				"south": {"uv": [1, 1, 1.5, 4.5], "rotation": 270, "texture": "#5"},
				"west": {"uv": [1, 1, 1.5, 1.5], "rotation": 270, "texture": "#5"},
				"up": {"uv": [1, 1, 1.5, 4.5], "rotation": 270, "texture": "#5"},
				"down": {"uv": [1, 1, 1.5, 4.5], "rotation": 270, "texture": "#5"}
			}
		},
		{
			"from": [6.25, 8.95, 8.925],
			"to": [9.75, 9.15, 9.125],
			"rotation": {"angle": 0, "axis": "z", "origin": [9, 8.15, 8.425]},
			"faces": {
				"north": {"uv": [1, 1, 1.5, 4.5], "rotation": 90, "texture": "#5"},
				"east": {"uv": [1, 1, 1.5, 1.5], "rotation": 270, "texture": "#5"},
				"south": {"uv": [1, 1, 1.5, 4.5], "rotation": 270, "texture": "#5"},
				"west": {"uv": [1, 1, 1.5, 1.5], "rotation": 270, "texture": "#5"},
				"up": {"uv": [1, 1, 1.5, 4.5], "rotation": 270, "texture": "#5"},
				"down": {"uv": [1, 1, 1.5, 4.5], "rotation": 270, "texture": "#5"}
			}
		},
		{
			"from": [6.25, 8.65, 8.45],
			"to": [9.75, 8.85, 8.65],
			"rotation": {"angle": 0, "axis": "z", "origin": [9, 7.85, 7.95]},
			"faces": {
				"north": {"uv": [1, 1, 1.5, 4.5], "rotation": 90, "texture": "#5"},
				"east": {"uv": [1, 1, 1.5, 1.5], "rotation": 270, "texture": "#5"},
				"south": {"uv": [1, 1, 1.5, 4.5], "rotation": 270, "texture": "#5"},
				"west": {"uv": [1, 1, 1.5, 1.5], "rotation": 270, "texture": "#5"},
				"up": {"uv": [1, 1, 1.5, 4.5], "rotation": 270, "texture": "#5"},
				"down": {"uv": [1, 1, 1.5, 4.5], "rotation": 270, "texture": "#5"}
			}
		},
		{
			"from": [6.25, 8.65, 9.375],
			"to": [9.75, 8.85, 9.575],
			"rotation": {"angle": 0, "axis": "z", "origin": [9, 7.85, 8.875]},
			"faces": {
				"north": {"uv": [1, 1, 1.5, 4.5], "rotation": 90, "texture": "#5"},
				"east": {"uv": [1, 1, 1.5, 1.5], "rotation": 270, "texture": "#5"},
				"south": {"uv": [1, 1, 1.5, 4.5], "rotation": 270, "texture": "#5"},
				"west": {"uv": [1, 1, 1.5, 1.5], "rotation": 270, "texture": "#5"},
				"up": {"uv": [1, 1, 1.5, 4.5], "rotation": 270, "texture": "#5"},
				"down": {"uv": [1, 1, 1.5, 4.5], "rotation": 270, "texture": "#5"}
			}
		},
		{
			"from": [6.25, 8.65, 8.925],
			"to": [9.75, 8.85, 9.125],
			"rotation": {"angle": 0, "axis": "z", "origin": [9, 7.85, 8.425]},
			"faces": {
				"north": {"uv": [1, 1, 1.5, 4.5], "rotation": 90, "texture": "#5"},
				"east": {"uv": [1, 1, 1.5, 1.5], "rotation": 270, "texture": "#5"},
				"south": {"uv": [1, 1, 1.5, 4.5], "rotation": 270, "texture": "#5"},
				"west": {"uv": [1, 1, 1.5, 1.5], "rotation": 270, "texture": "#5"},
				"up": {"uv": [1, 1, 1.5, 4.5], "rotation": 270, "texture": "#5"},
				"down": {"uv": [1, 1, 1.5, 4.5], "rotation": 270, "texture": "#5"}
			}
		},
		{
			"from": [10, 2.5, 8],
			"to": [11, 5.5, 10],
			"rotation": {"angle": -45, "axis": "z", "origin": [11, 5.5, 8]},
			"faces": {
				"north": {"uv": [1, 1, 4, 2], "rotation": 90, "texture": "#1"},
				"east": {"uv": [1, 1, 4, 3], "rotation": 270, "texture": "#1"},
				"south": {"uv": [1, 1, 4, 2], "rotation": 270, "texture": "#1"},
				"west": {"uv": [1, 1, 4, 3], "rotation": 270, "texture": "#1"},
				"up": {"uv": [1, 1, 3, 2], "rotation": 270, "texture": "#1"},
				"down": {"uv": [1, 1, 3, 2], "rotation": 270, "texture": "#1"}
			}
		},
		{
			"from": [7, 3, -4.75],
			"to": [9, 5, 20.5],
			"rotation": {"angle": 0, "axis": "y", "origin": [16, 11, 7]},
			"faces": {
				"north": {"uv": [0, 0, 2, 2], "texture": "#3"},
				"east": {"uv": [0, 0, 16, 2], "texture": "#3"},
				"south": {"uv": [0, 0, 2, 2], "texture": "#3"},
				"west": {"uv": [0, 0, 16, 2], "texture": "#3"},
				"up": {"uv": [0, 0, 2, 16], "texture": "#3"},
				"down": {"uv": [0, 0, 2, 16], "texture": "#3"}
			}
		},
		{
			"from": [7.5, 1, 7],
			"to": [8.5, 2, 7.5],
			"rotation": {"angle": 0, "axis": "y", "origin": [16, 11, 6]},
			"faces": {
				"north": {"uv": [0, 0, 1, 1], "texture": "#1"},
				"east": {"uv": [0, 0, 1, 1], "texture": "#1"},
				"south": {"uv": [0, 0, 1, 1], "texture": "#1"},
				"west": {"uv": [0, 0, 1, 1], "texture": "#1"},
				"up": {"uv": [0, 0, 1, 1], "texture": "#1"},
				"down": {"uv": [0, 0, 1, 1], "texture": "#1"}
			}
		},
		{
			"from": [6.5, 2.5, -2.25],
			"to": [9.5, 5.5, 8.5],
			"rotation": {"angle": 0, "axis": "y", "origin": [16, 11, 7.5]},
			"faces": {
				"north": {"uv": [0, 0, 3, 3], "texture": "#3"},
				"east": {"uv": [0, 0, 10.75, 3], "texture": "#3"},
				"south": {"uv": [0, 0, 3, 3], "texture": "#3"},
				"west": {"uv": [0, 0, 10.75, 3], "texture": "#3"},
				"up": {"uv": [0, 0, 3, 10.75], "texture": "#3"},
				"down": {"uv": [0, 0, 3, 10.75], "texture": "#3"}
			}
		}
	],
	"display": {
		"thirdperson_righthand": {
			"rotation": [10, -10, 0],
			"translation": [0.75, 9.25, 1.75],
			"scale": [1.2, 1.2, 1.2]
		},
		"firstperson_righthand": {
			"rotation": [13, 5, 5],
			"translation": [7.25, 8.25, 0]
		},
		"ground": {
			"translation": [0, 9, 0],
			"scale": [1.5, 1.5, 1.5]
		},
		"gui": {
			"rotation": [30, 45, 0],
			"translation": [0.5, 3.25, 0],
			"scale": [1.3, 1.3, 1.3]
		},
		"head": {
			"translation": [0, 21.75, -2],
			"scale": [2.2, 2.2, 2.2]
		},
		"fixed": {
			"rotation": [-75, 0, 0],
			"translation": [0, 0.25, -19],
			"scale": [2, 2, 2]
		}
	},
	"groups": [
		{
			"name": "Cookie",
			"origin": [16, 8.5, 14],
			"children": [0, 1, 2, 3, 4, 5, 6]
		},
		{
			"name": "Weird Things",
			"origin": [16, 8.25, 9.5],
			"children": [7, 8, 9, 10, 11, 12, 13, 14, 15, 16, 17, 18]
		},
		{
			"name": "Rings",
			"origin": [16, 8, 8],
			"children": [19, 20, 21, 22, 23, 24, 25, 26, 27, 28, 29, 30]
		},
		{
			"name": "group",
			"origin": [16, 8, 20.5],
			"children": [31, 32, 33, 34, 35, 36, 37, 38, 39, 40, 41, 42, 43, 44, 45]
		},
		{
			"name": "Gun",
			"origin": [9, 2, 14],
			"children": [46, 47, 48, 49, 50, 51, 52, 53, 54, 55, 56, 57, 58, 59, 60]
		}
	]
}