{
	"credit": "Made with Blockbench",
	"textures": {
		"0": "geek/crafting_gui",
		"1": "geek/crafting_gui_back",
		"particle": "geek/crafting_gui"
	},
	"elements": [
		{
			"from": [-16, -16, 16],
			"to": [32, 32, 16],
			"faces": {
				"north": {"uv": [0, 0, 16, 16], "texture": "#0"},
				"east": {"uv": [0, 0, 0, 16], "texture": "#missing"},
				"south": {"uv": [0, 0, 16, 16], "texture": "#1"},
				"west": {"uv": [0, 0, 0, 16], "texture": "#missing"},
				"up": {"uv": [0, 0, 16, 0], "texture": "#missing"},
				"down": {"uv": [0, 0, 16, 0], "texture": "#missing"}
			}
		}
	],
	"display": {
		"head": {
			"translation": [0, 0, -30],
			"scale": [1.9, 1.9, 1.9]
		}
	}
}