{
	"credit": "Made with Blockbench",
	"textures": {
		"1": "block/smooth_stone",
		"3": "block/gray_concrete",
		"4": "block/quartz_block_bottom",
		"5": "block/nether_portal",
		"6": "geek/fish_gun",
		"7": "geek/fish",
		"particle": "item/cookie"
	},
	"elements": [
		{
			"from": [7, 3, -6.25],
			"to": [9, 5, 5.75],
			"rotation": {"angle": 0, "axis": "y", "origin": [16, 11, -1.25]},
			"faces": {
				"north": {"uv": [0, 0, 3, 3], "texture": "#5"},
				"east": {"uv": [0, 0, 16, 3], "texture": "#5"},
				"south": {"uv": [0, 0, 3, 3], "texture": "#5"},
				"west": {"uv": [0, 13, 16, 16], "texture": "#5"},
				"up": {"uv": [3, 16, 0, 0], "texture": "#5"},
				"down": {"uv": [16, 0, 13, 16], "texture": "#5"}
			}
		},
		{
			"from": [6.25, 2.25, -5.25],
			"to": [9.75, 5.75, -2.25],
			"rotation": {"angle": 0, "axis": "y", "origin": [8, 4, -1.75]},
			"faces": {
				"north": {"uv": [0.75, 6.75, 4.25, 10.25], "texture": "#4"},
				"east": {"uv": [0, 6.75, 3, 10.25], "texture": "#4"},
				"south": {"uv": [2.5, 6.75, 6, 10.25], "texture": "#4"},
				"west": {"uv": [1.75, 6.75, 4.75, 10.25], "texture": "#4"},
				"up": {"uv": [4.25, 9, 0.75, 6], "texture": "#4"},
				"down": {"uv": [5.25, 6, 1.75, 9], "texture": "#4"}
			}
		},
		{
			"from": [6.75, 2.75, -7],
			"to": [9.25, 5.25, -6.25],
			"rotation": {"angle": 0, "axis": "y", "origin": [8, 4, -5.75]},
			"faces": {
				"north": {"uv": [0, 0, 16, 16], "texture": "#5"},
				"east": {"uv": [0, 6.75, 0.75, 9.25], "texture": "#4"},
				"south": {"uv": [2.5, 6.75, 5, 9.25], "texture": "#4"},
				"west": {"uv": [1.75, 6.75, 2.5, 9.25], "texture": "#4"},
				"up": {"uv": [3.25, 6.75, 0.75, 6], "texture": "#4"},
				"down": {"uv": [4.25, 6, 1.75, 6.75], "texture": "#4"}
			}
		},
		{
			"from": [9.25, 2.25, -8.5],
			"to": [9.75, 5.75, -6.5],
			"rotation": {"angle": 0, "axis": "y", "origin": [8, 4, -6]},
			"faces": {
				"north": {"uv": [0.75, 6.75, 1.25, 10.25], "texture": "#3"},
				"east": {"uv": [0, 6.75, 3, 10.25], "texture": "#3"},
				"south": {"uv": [2.5, 6.75, 3, 10.25], "texture": "#3"},
				"west": {"uv": [1.75, 6.75, 4.75, 10.25], "texture": "#4"},
				"up": {"uv": [1.25, 9, 0.75, 6], "texture": "#3"},
				"down": {"uv": [2.25, 6, 1.75, 9], "texture": "#3"}
			}
		},
		{
			"from": [6.25, 2.25, -8.5],
			"to": [6.75, 5.75, -6.5],
			"rotation": {"angle": 0, "axis": "y", "origin": [5, 4, -6]},
			"faces": {
				"north": {"uv": [0.75, 6.75, 1.25, 10.25], "texture": "#3"},
				"east": {"uv": [0, 6.75, 3, 10.25], "texture": "#4"},
				"south": {"uv": [2.5, 6.75, 3, 10.25], "texture": "#3"},
				"west": {"uv": [1.75, 6.75, 4.75, 10.25], "texture": "#3"},
				"up": {"uv": [1.25, 9, 0.75, 6], "texture": "#3"},
				"down": {"uv": [2.25, 6, 1.75, 9], "texture": "#3"}
			}
		},
		{
			"from": [6.75, 5.25, -8.5],
			"to": [9.25, 5.75, -6.5],
			"rotation": {"angle": 0, "axis": "y", "origin": [5, 4, -6]},
			"faces": {
				"north": {"uv": [0.75, 6.75, 3.25, 7.25], "texture": "#3"},
				"east": {"uv": [0, 6.75, 3, 7.25], "texture": "#3"},
				"south": {"uv": [2.5, 6.75, 5, 7.25], "texture": "#3"},
				"west": {"uv": [1.75, 6.75, 4.75, 7.25], "texture": "#3"},
				"up": {"uv": [3.25, 9, 0.75, 6], "texture": "#3"},
				"down": {"uv": [4.25, 6, 1.75, 9], "texture": "#4"}
			}
		},
		{
			"from": [6.75, 2.25, -8.5],
			"to": [9.25, 2.75, -6.5],
			"rotation": {"angle": 0, "axis": "y", "origin": [5, 1, -6]},
			"faces": {
				"north": {"uv": [0.75, 6.75, 3.25, 7.25], "texture": "#3"},
				"east": {"uv": [0, 6.75, 3, 7.25], "texture": "#3"},
				"south": {"uv": [2.5, 6.75, 5, 7.25], "texture": "#3"},
				"west": {"uv": [1.75, 6.75, 4.75, 7.25], "texture": "#3"},
				"up": {"uv": [3.25, 9, 0.75, 6], "texture": "#4"},
				"down": {"uv": [4.25, 6, 1.75, 9], "texture": "#3"}
			}
		},
		{
			"from": [6, 2, -4.75],
			"to": [10, 6, -2.75],
			"rotation": {"angle": 0, "axis": "y", "origin": [8, 4, -1.75]},
			"faces": {
				"north": {"uv": [6, 0, 10, 4], "texture": "#6"},
				"east": {"uv": [6, 0, 8, 4], "texture": "#6"},
				"south": {"uv": [6, 0, 10, 4], "texture": "#6"},
				"west": {"uv": [6, 0, 8, 4], "texture": "#6"},
				"up": {"uv": [10, 2, 6, 0], "texture": "#6"},
				"down": {"uv": [10, 0, 6, 2], "texture": "#6"}
			}
		},
		{
			"from": [5.75, 1.75, -4.5],
			"to": [10.25, 6.25, -3],
			"rotation": {"angle": 0, "axis": "y", "origin": [8, 4, -1.75]},
			"faces": {
				"north": {"uv": [0, 5, 4.5, 9.5], "texture": "#6"},
				"east": {"uv": [0, 0, 1.5, 4.5], "texture": "#6"},
				"south": {"uv": [0, 5, 4.5, 9.5], "texture": "#6"},
				"west": {"uv": [0, 0, 1.5, 4.5], "texture": "#6"},
				"up": {"uv": [1.5, 4.5, 0, 0], "rotation": 90, "texture": "#6"},
				"down": {"uv": [1.5, 0, 0, 4.5], "rotation": 90, "texture": "#6"}
			}
		},
		{
			"from": [6.5, 2.5, -1.25],
			"to": [9.5, 5.5, 1.75],
			"rotation": {"angle": 0, "axis": "y", "origin": [7.75, 4.25, 2.25]},
			"faces": {
				"north": {"uv": [0.75, 6.75, 3.75, 9.75], "texture": "#4"},
				"east": {"uv": [0, 6.75, 3, 9.75], "texture": "#4"},
				"south": {"uv": [2.25, 6.75, 5.25, 9.75], "texture": "#4"},
				"west": {"uv": [1, 7, 4, 10], "texture": "#4"},
				"up": {"uv": [3.75, 9, 0.75, 6], "texture": "#4"},
				"down": {"uv": [4.5, 6, 1.5, 9], "texture": "#4"}
			}
		},
		{
			"from": [6.25, 2.25, -0.75],
			"to": [9.75, 5.75, 1.25],
			"rotation": {"angle": 0, "axis": "y", "origin": [7.75, 4.25, 2.25]},
			"faces": {
				"north": {"uv": [6, 0, 10, 4], "texture": "#6"},
				"east": {"uv": [6, 0, 8, 4], "texture": "#6"},
				"south": {"uv": [6, 0, 10, 4], "texture": "#6"},
				"west": {"uv": [6, 0, 8, 4], "texture": "#6"},
				"up": {"uv": [10, 2, 6, 0], "texture": "#6"},
				"down": {"uv": [10, 0, 6, 2], "texture": "#6"}
			}
		},
		{
			"from": [6, 2, -0.5],
			"to": [10, 6, 1],
			"rotation": {"angle": 0, "axis": "y", "origin": [7.75, 4.25, 2.25]},
			"faces": {
				"north": {"uv": [0, 5, 4, 9], "texture": "#6"},
				"east": {"uv": [0, 0, 1.5, 4], "texture": "#6"},
				"south": {"uv": [0, 5, 4, 9], "texture": "#6"},
				"west": {"uv": [0, 0, 1.5, 4], "texture": "#6"},
				"up": {"uv": [1.5, 4, 0, 0], "rotation": 90, "texture": "#6"},
				"down": {"uv": [1.5, 0, 0, 4], "rotation": 90, "texture": "#6"}
			}
		},
		{
			"from": [6.75, 2.75, 2.75],
			"to": [9.25, 5.25, 5.75],
			"rotation": {"angle": 0, "axis": "y", "origin": [7.75, 4.5, 6.25]},
			"faces": {
				"north": {"uv": [0.75, 6.75, 5.75, 11.75], "texture": "#4"},
				"east": {"uv": [0, 6.75, 6, 11.75], "texture": "#4"},
				"south": {"uv": [2.25, 6.75, 7.25, 11.75], "texture": "#4"},
				"west": {"uv": [1.5, 6.75, 7.5, 11.75], "texture": "#4"},
				"up": {"uv": [5.75, 12, 0.75, 6], "texture": "#4"},
				"down": {"uv": [6.5, 6, 1.5, 12], "texture": "#4"}
			}
		},
		{
			"from": [6.5, 2.5, 3.25],
			"to": [9.5, 5.5, 5.25],
			"rotation": {"angle": 0, "axis": "y", "origin": [7.75, 4.5, 6.5]},
			"faces": {
				"north": {"uv": [6, 0, 9, 3], "texture": "#6"},
				"east": {"uv": [6, 0, 8, 3], "texture": "#6"},
				"south": {"uv": [6, 0, 9, 3], "texture": "#6"},
				"west": {"uv": [6, 0, 8, 3], "texture": "#6"},
				"up": {"uv": [9, 2, 6, 0], "texture": "#6"},
				"down": {"uv": [9, 0, 6, 2], "texture": "#6"}
			}
		},
		{
			"from": [6.25, 2.25, 3.5],
			"to": [9.75, 5.75, 5],
			"rotation": {"angle": 0, "axis": "y", "origin": [7.75, 4.5, 6.5]},
			"faces": {
				"north": {"uv": [2, 0, 5.5, 3.5], "texture": "#6"},
				"east": {"uv": [0, 0, 1.5, 3.5], "texture": "#6"},
				"south": {"uv": [2, 0, 5.5, 3.5], "texture": "#6"},
				"west": {"uv": [0, 0, 1.5, 3.5], "texture": "#6"},
				"up": {"uv": [1.5, 3.5, 0, 0], "rotation": 90, "texture": "#6"},
				"down": {"uv": [1.5, 0, 0, 3.5], "rotation": 90, "texture": "#6"}
			}
		},
		{
			"from": [4.25, 2.25, -6.75],
			"to": [4.75, 5.75, -3.75],
			"rotation": {"angle": 0, "axis": "y", "origin": [13.5, 10.5, -3.75]},
			"faces": {
				"north": {"uv": [0.75, 6.75, 1.75, 13.75], "texture": "#4"},
				"east": {"uv": [0, 6.75, 6, 13.75], "texture": "#4"},
				"south": {"uv": [1.5, 6.75, 2.5, 13.75], "texture": "#4"},
				"west": {"uv": [0.75, 6.75, 6.75, 13.75], "texture": "#4"},
				"up": {"uv": [0.75, 12, 1.75, 6], "texture": "#4"},
				"down": {"uv": [0.75, 6, 1.75, 12], "texture": "#4"}
			}
		},
		{
			"from": [4.5, 2.75, -2.75],
			"to": [5, 5.25, 0.25],
			"rotation": {"angle": 0, "axis": "z", "origin": [7.25, 4, -1.25]},
			"faces": {
				"north": {"uv": [0.75, 6.75, 1.75, 11.75], "rotation": 180, "texture": "#4"},
				"east": {"uv": [0, 6.75, 6, 11.75], "rotation": 180, "texture": "#4"},
				"south": {"uv": [1.5, 6.75, 2.5, 11.75], "rotation": 180, "texture": "#4"},
				"west": {"uv": [0.75, 6.75, 6.75, 11.75], "rotation": 180, "texture": "#4"},
				"up": {"uv": [0.75, 12, 1.75, 6], "rotation": 180, "texture": "#4"},
				"down": {"uv": [0.75, 6, 1.75, 12], "rotation": 180, "texture": "#4"}
			}
		},
		{
			"from": [4.75, 3, 1.25],
			"to": [5.25, 5, 4.25],
			"rotation": {"angle": 0, "axis": "z", "origin": [7.5, 4.25, 2.75]},
			"faces": {
				"north": {"uv": [0.75, 6.75, 1.75, 10.75], "rotation": 180, "texture": "#4"},
				"east": {"uv": [0, 6.75, 6, 10.75], "rotation": 180, "texture": "#4"},
				"south": {"uv": [1.5, 6.75, 2.5, 10.75], "rotation": 180, "texture": "#4"},
				"west": {"uv": [0.75, 6.75, 6.75, 10.75], "rotation": 180, "texture": "#4"},
				"up": {"uv": [0.75, 12, 1.75, 6], "rotation": 180, "texture": "#4"},
				"down": {"uv": [0.75, 6, 1.75, 12], "rotation": 180, "texture": "#4"}
			}
		},
		{
			"from": [6.5, 7.25, -6.75],
			"to": [9.5, 7.75, -3.75],
			"rotation": {"angle": 0, "axis": "y", "origin": [18, 13.5, -3.25]},
			"faces": {
				"north": {"uv": [2, 0, 8, 1], "texture": "#4"},
				"east": {"uv": [2.75, 0.25, 3.75, 6.25], "rotation": 90, "texture": "#4"},
				"south": {"uv": [2.75, 0, 8.75, 1], "texture": "#4"},
				"west": {"uv": [1.75, 0.25, 2.75, 6.25], "rotation": 90, "texture": "#4"},
				"up": {"uv": [2, 0.25, 8, 6.25], "texture": "#4"},
				"down": {"uv": [7.5, 6, 1.5, 12], "texture": "#4"}
			}
		},
		{
			"from": [6.75, 7, -2.75],
			"to": [9.25, 7.5, 0.25],
			"rotation": {"angle": 0, "axis": "z", "origin": [8, 4.75, -0.25]},
			"faces": {
				"north": {"uv": [2, 0, 7, 1], "texture": "#4"},
				"east": {"uv": [2.75, 0.25, 3.75, 6.25], "rotation": 90, "texture": "#4"},
				"south": {"uv": [2.75, 0, 7.75, 1], "texture": "#4"},
				"west": {"uv": [1.75, 0.25, 2.75, 6.25], "rotation": 90, "texture": "#4"},
				"up": {"uv": [2, 0.25, 7, 6.25], "texture": "#4"},
				"down": {"uv": [8, 0.25, 3, 6.25], "texture": "#4"}
			}
		},
		{
			"from": [7, 6.75, 1.25],
			"to": [9, 7.25, 4.25],
			"rotation": {"angle": 0, "axis": "z", "origin": [8.25, 4.5, 2.75]},
			"faces": {
				"north": {"uv": [0.25, 0, 4.25, 1], "texture": "#4"},
				"east": {"uv": [0.75, 0.25, 1.75, 6.25], "rotation": 90, "texture": "#4"},
				"south": {"uv": [0.75, 0, 4.75, 1], "texture": "#4"},
				"west": {"uv": [0, 0.25, 1, 6.25], "rotation": 90, "texture": "#4"},
				"up": {"uv": [0.25, 0.25, 4.25, 6.25], "texture": "#4"},
				"down": {"uv": [1, 0.25, 5, 6.25], "texture": "#4"}
			}
		},
		{
			"from": [6.5, 0.25, -6.75],
			"to": [9.5, 0.75, -3.75],
			"rotation": {"angle": 0, "axis": "y", "origin": [19, 6, -3.75]},
			"faces": {
				"north": {"uv": [0.75, 6.75, 6.75, 7.75], "texture": "#4"},
				"east": {"uv": [0, 6.75, 6, 7.75], "texture": "#4"},
				"south": {"uv": [2.25, 6.75, 8.25, 7.75], "texture": "#4"},
				"west": {"uv": [1.5, 6.75, 7.5, 7.75], "texture": "#4"},
				"up": {"uv": [6.75, 12, 0.75, 6], "texture": "#4"},
				"down": {"uv": [7.5, 6, 1.5, 12], "texture": "#4"}
			}
		},
		{
			"from": [6.75, 0.5, -2.75],
			"to": [9.25, 1, 0.25],
			"rotation": {"angle": 0, "axis": "z", "origin": [8, 3.25, -0.25]},
			"faces": {
				"north": {"uv": [0.75, 5.75, 1.75, 10.75], "rotation": 270, "texture": "#4"},
				"east": {"uv": [0, 5.75, 1, 11.75], "rotation": 90, "texture": "#4"},
				"south": {"uv": [2, 5.75, 3, 10.75], "rotation": 90, "texture": "#4"},
				"west": {"uv": [1.25, 5.75, 2.25, 11.75], "rotation": 90, "texture": "#4"},
				"up": {"uv": [6.75, 10, 0.75, 5], "rotation": 90, "texture": "#4"},
				"down": {"uv": [7.25, 5, 1.25, 10], "rotation": 90, "texture": "#4"}
			}
		},
		{
			"from": [7, 0.75, 1.25],
			"to": [9, 1.25, 4.25],
			"rotation": {"angle": 0, "axis": "z", "origin": [8.25, 3.5, 2.75]},
			"faces": {
				"north": {"uv": [0.75, 5.75, 1.75, 9.75], "rotation": 270, "texture": "#4"},
				"east": {"uv": [0, 5.75, 1, 11.75], "rotation": 90, "texture": "#4"},
				"south": {"uv": [2, 5.75, 3, 9.75], "rotation": 90, "texture": "#4"},
				"west": {"uv": [1.25, 5.75, 2.25, 11.75], "rotation": 90, "texture": "#4"},
				"up": {"uv": [6.75, 9, 0.75, 5], "rotation": 90, "texture": "#4"},
				"down": {"uv": [7.25, 5, 1.25, 9], "rotation": 90, "texture": "#4"}
			}
		},
		{
			"from": [10.75, 3, 1.25],
			"to": [11.25, 5, 4.25],
			"rotation": {"angle": 0, "axis": "y", "origin": [10.75, 4.25, 1.25]},
			"faces": {
				"north": {"uv": [0.75, 6.75, 1.75, 10.75], "texture": "#4"},
				"east": {"uv": [0, 6.75, 6, 10.75], "texture": "#4"},
				"south": {"uv": [1.5, 6.75, 2.5, 10.75], "texture": "#4"},
				"west": {"uv": [0.75, 6.75, 6.75, 10.75], "texture": "#4"},
				"up": {"uv": [0.75, 12, 1.75, 6], "texture": "#4"},
				"down": {"uv": [0.75, 6, 1.75, 12], "texture": "#4"}
			}
		},
		{
			"from": [11, 2.75, -2.75],
			"to": [11.5, 5.25, 0.25],
			"rotation": {"angle": 0, "axis": "y", "origin": [8.75, 4, -1.25]},
			"faces": {
				"north": {"uv": [0.75, 6.75, 1.75, 11.75], "texture": "#4"},
				"east": {"uv": [0, 6.75, 6, 11.75], "texture": "#4"},
				"south": {"uv": [1.5, 6.75, 2.5, 11.75], "texture": "#4"},
				"west": {"uv": [0.75, 6.75, 6.75, 11.75], "texture": "#4"},
				"up": {"uv": [0.75, 12, 1.75, 6], "texture": "#4"},
				"down": {"uv": [0.75, 6, 1.75, 12], "texture": "#4"}
			}
		},
		{
			"from": [11.25, 2.25, -6.75],
			"to": [11.75, 5.75, -3.75],
			"rotation": {"angle": 0, "axis": "y", "origin": [21, 10.5, -3.75]},
			"faces": {
				"north": {"uv": [0.75, 6.75, 1.75, 13.75], "texture": "#4"},
				"east": {"uv": [0, 6.75, 6, 13.75], "texture": "#4"},
				"south": {"uv": [1.5, 6.75, 2.5, 13.75], "texture": "#4"},
				"west": {"uv": [0.75, 6.75, 6.75, 13.75], "texture": "#4"},
				"up": {"uv": [0.75, 12, 1.75, 6], "texture": "#4"},
				"down": {"uv": [0.75, 6, 1.75, 12], "texture": "#4"}
			}
		},
		{
			"from": [11.25, 3.5, -5.75],
			"to": [11.75, 4.5, -1.75],
			"rotation": {"angle": -45, "axis": "y", "origin": [11.25, 4, -5.75]},
			"faces": {
				"north": {"uv": [1, 9, 2, 11], "texture": "#1"},
				"east": {"uv": [0, 9, 8, 11], "texture": "#1"},
				"south": {"uv": [2, 9, 3, 11], "texture": "#1"},
				"west": {"uv": [2, 8, 10, 10], "texture": "#1"},
				"up": {"uv": [2, 10, 4, 2], "texture": "#1"},
				"down": {"uv": [2, 6, 4, 14], "texture": "#1"}
			}
		},
		{
			"from": [7.5, 7.25, -5.75],
			"to": [8.5, 7.75, -1.75],
			"rotation": {"angle": 45, "axis": "x", "origin": [8.5, 7.25, -5.75]},
			"faces": {
				"north": {"uv": [1, 9, 3, 10], "texture": "#1"},
				"east": {"uv": [0, 10, 8, 12], "texture": "#1"},
				"south": {"uv": [2.25, 9, 4.25, 10], "texture": "#1"},
				"west": {"uv": [1.25, 9, 9.25, 10], "texture": "#1"},
				"up": {"uv": [3, 16, 1, 8], "texture": "#1"},
				"down": {"uv": [4, 8, 2, 16], "texture": "#1"}
			}
		},
		{
			"from": [7.5, 0.25, -5.75],
			"to": [8.5, 0.75, -1.75],
			"rotation": {"angle": -45, "axis": "x", "origin": [8.5, 0.75, -5.75]},
			"faces": {
				"north": {"uv": [1, 9, 3, 10], "texture": "#1"},
				"east": {"uv": [0, 9, 8, 10], "texture": "#1"},
				"south": {"uv": [2.25, 9, 4.25, 10], "texture": "#1"},
				"west": {"uv": [1.25, 9, 9.25, 10], "texture": "#1"},
				"up": {"uv": [4, 14, 2, 6], "texture": "#1"},
				"down": {"uv": [3.25, 8, 1.25, 16], "texture": "#1"}
			}
		},
		{
			"from": [7.5, 0.5, -1.75],
			"to": [8.5, 1, 2.25],
			"rotation": {"angle": -45, "axis": "x", "origin": [8.5, 1, -1.75]},
			"faces": {
				"north": {"uv": [1, 9, 3, 10], "texture": "#1"},
				"east": {"uv": [0, 9, 8, 10], "texture": "#1"},
				"south": {"uv": [2.25, 9, 4.25, 10], "texture": "#1"},
				"west": {"uv": [1.25, 9, 9.25, 10], "texture": "#1"},
				"up": {"uv": [4, 14, 2, 6], "texture": "#1"},
				"down": {"uv": [3.25, 8, 1.25, 16], "texture": "#1"}
			}
		},
		{
			"from": [7.5, 0.75, 2.25],
			"to": [8.5, 1.25, 6.25],
			"rotation": {"angle": -45, "axis": "x", "origin": [8.5, 1.25, 2.25]},
			"faces": {
				"north": {"uv": [1, 9, 3, 10], "texture": "#1"},
				"east": {"uv": [0, 9, 8, 10], "texture": "#1"},
				"south": {"uv": [2.25, 9, 4.25, 10], "texture": "#1"},
				"west": {"uv": [1.25, 9, 9.25, 10], "texture": "#1"},
				"up": {"uv": [4, 14, 2, 6], "texture": "#1"},
				"down": {"uv": [3.25, 8, 1.25, 16], "texture": "#1"}
			}
		},
		{
			"from": [7.5, 7, -1.75],
			"to": [8.5, 7.5, 2.25],
			"rotation": {"angle": 45, "axis": "x", "origin": [8.5, 7, -1.75]},
			"faces": {
				"north": {"uv": [1, 9, 3, 10], "texture": "#1"},
				"east": {"uv": [0, 10, 8, 12], "texture": "#1"},
				"south": {"uv": [2.25, 9, 4.25, 10], "texture": "#1"},
				"west": {"uv": [1.25, 9, 9.25, 10], "texture": "#1"},
				"up": {"uv": [3, 16, 1, 8], "texture": "#1"},
				"down": {"uv": [4, 8, 2, 16], "texture": "#1"}
			}
		},
		{
			"from": [7.5, 6.75, 2.25],
			"to": [8.5, 7.25, 6.25],
			"rotation": {"angle": 45, "axis": "x", "origin": [8.5, 6.75, 2.25]},
			"faces": {
				"north": {"uv": [1, 9, 3, 10], "texture": "#1"},
				"east": {"uv": [0, 10, 8, 12], "texture": "#1"},
				"south": {"uv": [2.25, 9, 4.25, 10], "texture": "#1"},
				"west": {"uv": [1.25, 9, 9.25, 10], "texture": "#1"},
				"up": {"uv": [3, 16, 1, 8], "texture": "#1"},
				"down": {"uv": [4, 8, 2, 16], "texture": "#1"}
			}
		},
		{
			"from": [4.5, 3.5, -1.75],
			"to": [5, 4.5, 2.25],
			"rotation": {"angle": 45, "axis": "y", "origin": [5, 4, -1.75]},
			"faces": {
				"north": {"uv": [1, 9, 2, 11], "texture": "#1"},
				"east": {"uv": [0, 9, 8, 11], "texture": "#1"},
				"south": {"uv": [2, 9, 3, 11], "texture": "#1"},
				"west": {"uv": [1, 9, 9, 11], "texture": "#1"},
				"up": {"uv": [2, 14, 4, 6], "texture": "#1"},
				"down": {"uv": [2, 2, 4, 10], "texture": "#1"}
			}
		},
		{
			"from": [4.75, 3.5, 2.25],
			"to": [5.25, 4.5, 6.25],
			"rotation": {"angle": 45, "axis": "y", "origin": [5.25, 4, 2.25]},
			"faces": {
				"north": {"uv": [1, 9, 2, 11], "texture": "#1"},
				"east": {"uv": [0, 9, 8, 11], "texture": "#1"},
				"south": {"uv": [2, 9, 3, 11], "texture": "#1"},
				"west": {"uv": [1, 9, 9, 11], "texture": "#1"},
				"up": {"uv": [2, 14, 4, 6], "texture": "#1"},
				"down": {"uv": [2, 2, 4, 10], "texture": "#1"}
			}
		},
		{
			"from": [4.25, 3.5, -5.75],
			"to": [4.75, 4.5, -1.75],
			"rotation": {"angle": 45, "axis": "y", "origin": [4.75, 4, -5.75]},
			"faces": {
				"north": {"uv": [1, 9, 2, 11], "texture": "#1"},
				"east": {"uv": [0, 9, 8, 11], "texture": "#1"},
				"south": {"uv": [2, 9, 3, 11], "texture": "#1"},
				"west": {"uv": [1, 9, 9, 11], "texture": "#1"},
				"up": {"uv": [2, 14, 4, 6], "texture": "#1"},
				"down": {"uv": [2, 2, 4, 10], "texture": "#1"}
			}
		},
		{
			"from": [11, 3.5, -1.75],
			"to": [11.5, 4.5, 2.25],
			"rotation": {"angle": -45, "axis": "y", "origin": [11, 4, -1.75]},
			"faces": {
				"north": {"uv": [1, 9, 2, 11], "texture": "#1"},
				"east": {"uv": [0, 9, 8, 11], "texture": "#1"},
				"south": {"uv": [2, 9, 3, 11], "texture": "#1"},
				"west": {"uv": [2, 8, 10, 10], "texture": "#1"},
				"up": {"uv": [2, 10, 4, 2], "texture": "#1"},
				"down": {"uv": [2, 6, 4, 14], "texture": "#1"}
			}
		},
		{
			"from": [10.75, 3.5, 2.25],
			"to": [11.25, 4.5, 6.25],
			"rotation": {"angle": -45, "axis": "y", "origin": [10.75, 4, 2.25]},
			"faces": {
				"north": {"uv": [1, 9, 2, 11], "texture": "#1"},
				"east": {"uv": [0, 9, 8, 11], "texture": "#1"},
				"south": {"uv": [2, 9, 3, 11], "texture": "#1"},
				"west": {"uv": [2, 8, 10, 10], "texture": "#1"},
				"up": {"uv": [2, 10, 4, 2], "texture": "#1"},
				"down": {"uv": [2, 6, 4, 14], "texture": "#1"}
			}
		},
		{
			"from": [7.5, 5.75, 10],
			"to": [8.5, 8.25, 11.5],
			"rotation": {"angle": -45, "axis": "x", "origin": [8, 9.64286, 9.01786]},
			"faces": {
				"north": {"uv": [5, 10, 6, 15], "texture": "#7"},
				"east": {"uv": [3, 10, 6, 15], "texture": "#7"},
				"south": {"uv": [3, 10, 4, 15], "texture": "#7"},
				"west": {"uv": [6, 10, 3, 15], "texture": "#7"},
				"up": {"uv": [3, 10, 6, 11], "rotation": 270, "texture": "#7"},
				"down": {"uv": [3, 14, 6, 15], "rotation": 90, "texture": "#7"}
			}
		},
		{
			"from": [7.5, 7.25, 8.5],
			"to": [8.5, 11.25, 10],
			"rotation": {"angle": -45, "axis": "x", "origin": [8, 9.64286, 9.01786]},
			"faces": {
				"north": {"uv": [8, 4, 9, 12], "texture": "#7"},
				"east": {"uv": [6, 4, 9, 12], "texture": "#7"},
				"west": {"uv": [9, 4, 6, 12], "texture": "#7"},
				"up": {"uv": [6, 4, 9, 5], "rotation": 270, "texture": "#7"},
				"down": {"uv": [6, 11, 9, 12], "rotation": 90, "texture": "#7"}
			}
		},
		{
			"from": [7.5, 7.75, 7.5],
			"to": [8.5, 11.75, 8.5],
			"rotation": {"angle": -45, "axis": "x", "origin": [8, 9.64286, 9.01786]},
			"faces": {
				"north": {"uv": [10, 3, 11, 11], "texture": "#7"},
				"east": {"uv": [9, 3, 11, 11], "texture": "#7"},
				"south": {"uv": [9, 3, 10, 11], "texture": "#7"},
				"west": {"uv": [11, 3, 9, 11], "texture": "#7"},
				"up": {"uv": [9, 3, 11, 4], "rotation": 270, "texture": "#7"},
				"down": {"uv": [9, 10, 11, 11], "rotation": 90, "texture": "#7"}
			}
		},
		{
			"from": [7.5, 8.25, 7],
			"to": [8.5, 12.25, 7.5],
			"rotation": {"angle": -45, "axis": "x", "origin": [8, 9.64286, 9.01786]},
			"faces": {
				"north": {"uv": [11, 2, 12, 10], "texture": "#7"},
				"east": {"uv": [11, 2, 12, 10], "texture": "#7"},
				"south": {"uv": [11, 2, 12, 10], "texture": "#7"},
				"west": {"uv": [12, 2, 11, 10], "texture": "#7"},
				"up": {"uv": [11, 2, 12, 3], "rotation": 270, "texture": "#7"},
				"down": {"uv": [11, 9, 12, 10], "rotation": 90, "texture": "#7"}
			}
		},
		{
			"from": [7.5, 11.75, 7.5],
			"to": [8.5, 12.25, 8],
			"rotation": {"angle": -45, "axis": "x", "origin": [8, 9.64286, 9.01786]},
			"faces": {
				"north": {"uv": [11, 2, 12, 10], "texture": "#7"},
				"east": {"uv": [10, 2, 11, 3], "texture": "#7"},
				"south": {"uv": [10, 2, 11, 3], "texture": "#7"},
				"west": {"uv": [11, 2, 10, 3], "texture": "#7"},
				"up": {"uv": [10, 2, 11, 3], "rotation": 270, "texture": "#7"},
				"down": {"uv": [11, 9, 12, 10], "rotation": 90, "texture": "#7"}
			}
		},
		{
			"from": [7.5, 11.25, 8.5],
			"to": [8.5, 11.75, 9],
			"rotation": {"angle": -45, "axis": "x", "origin": [8, 9.64286, 9.01786]},
			"faces": {
				"north": {"uv": [11, 2, 12, 10], "texture": "#7"},
				"east": {"uv": [8, 3, 9, 4], "texture": "#7"},
				"south": {"uv": [8, 3, 9, 4], "texture": "#7"},
				"west": {"uv": [9, 3, 8, 4], "texture": "#7"},
				"up": {"uv": [8, 3, 9, 4], "rotation": 270, "texture": "#7"},
				"down": {"uv": [11, 9, 12, 10], "rotation": 90, "texture": "#7"}
			}
		},
		{
			"from": [7.5, 8.75, 6.5],
			"to": [8.5, 12.25, 7],
			"rotation": {"angle": -45, "axis": "x", "origin": [8, 9.64286, 9.01786]},
			"faces": {
				"north": {"uv": [12, 2, 13, 9], "texture": "#7"},
				"east": {"uv": [12, 2, 13, 9], "texture": "#7"},
				"south": {"uv": [11, 2, 12, 10], "texture": "#7"},
				"west": {"uv": [13, 2, 12, 9], "texture": "#7"},
				"up": {"uv": [12, 2, 13, 3], "rotation": 270, "texture": "#7"},
				"down": {"uv": [12, 8, 13, 9], "rotation": 90, "texture": "#7"}
			}
		},
		{
			"from": [7.5, 9.25, 6],
			"to": [8.5, 12.25, 6.5],
			"rotation": {"angle": -45, "axis": "x", "origin": [8, 9.64286, 9.01786]},
			"faces": {
				"north": {"uv": [13, 2, 14, 8], "texture": "#7"},
				"east": {"uv": [13, 2, 14, 8], "texture": "#7"},
				"south": {"uv": [11, 2, 12, 10], "texture": "#7"},
				"west": {"uv": [14, 2, 13, 8], "texture": "#7"},
				"up": {"uv": [13, 2, 14, 3], "rotation": 270, "texture": "#7"},
				"down": {"uv": [12, 8, 13, 9], "rotation": 90, "texture": "#7"}
			}
		},
		{
			"from": [7.5, 10.25, 5.5],
			"to": [8.5, 11.75, 6],
			"rotation": {"angle": -45, "axis": "x", "origin": [8, 9.64286, 9.01786]},
			"faces": {
				"north": {"uv": [14, 3, 15, 6], "texture": "#7"},
				"east": {"uv": [14, 3, 15, 6], "texture": "#7"},
				"south": {"uv": [11, 2, 12, 10], "texture": "#7"},
				"west": {"uv": [15, 3, 14, 6], "texture": "#7"},
				"up": {"uv": [14, 3, 15, 4], "rotation": 270, "texture": "#7"},
				"down": {"uv": [14, 5, 15, 6], "rotation": 90, "texture": "#7"}
			}
		},
		{
			"from": [7.5, 8.25, 10.5],
			"to": [8.5, 9.25, 11],
			"rotation": {"angle": -45, "axis": "x", "origin": [8, 9.64286, 9.01786]},
			"faces": {
				"east": {"uv": [4, 8, 5, 10], "texture": "#7"},
				"south": {"uv": [4, 8, 5, 10], "texture": "#7"},
				"west": {"uv": [5, 8, 4, 10], "texture": "#7"},
				"up": {"uv": [4, 8, 5, 9], "rotation": 270, "texture": "#7"}
			}
		},
		{
			"from": [7.5, 8.25, 10],
			"to": [8.5, 11.25, 10.5],
			"rotation": {"angle": -45, "axis": "x", "origin": [8, 9.64286, 9.01786]},
			"faces": {
				"east": {"uv": [5, 4, 6, 10], "texture": "#7"},
				"south": {"uv": [5, 4, 6, 10], "texture": "#7"},
				"west": {"uv": [6, 4, 5, 10], "texture": "#7"},
				"up": {"uv": [5, 4, 6, 5], "rotation": 270, "texture": "#7"}
			}
		},
		{
			"from": [7.5, 9.75, 10.5],
			"to": [8.5, 10.75, 11],
			"rotation": {"angle": -45, "axis": "x", "origin": [8, 9.64286, 9.01786]},
			"faces": {
				"east": {"uv": [4, 5, 5, 7], "texture": "#7"},
				"south": {"uv": [4, 5, 5, 7], "texture": "#7"},
				"west": {"uv": [5, 5, 4, 7], "texture": "#7"},
				"up": {"uv": [4, 5, 5, 6], "rotation": 270, "texture": "#7"},
				"down": {"uv": [4, 6, 5, 7], "rotation": 90, "texture": "#7"}
			}
		},
		{
			"from": [7.5, 6.25, 11.5],
			"to": [8.5, 7.75, 12],
			"rotation": {"angle": -45, "axis": "x", "origin": [8, 9.64286, 9.01786]},
			"faces": {
				"east": {"uv": [2, 11, 3, 14], "texture": "#7"},
				"south": {"uv": [2, 11, 3, 14], "texture": "#7"},
				"west": {"uv": [3, 11, 2, 14], "texture": "#7"},
				"up": {"uv": [2, 11, 3, 12], "rotation": 270, "texture": "#7"},
				"down": {"uv": [2, 13, 3, 14], "rotation": 90, "texture": "#7"}
			}
		},
		{
			"from": [7.5, 6.75, 12],
			"to": [8.5, 7.75, 12.5],
			"rotation": {"angle": -45, "axis": "x", "origin": [8, 9.64286, 9.01786]},
			"faces": {
				"east": {"uv": [1, 11, 2, 13], "texture": "#7"},
				"south": {"uv": [1, 11, 2, 13], "texture": "#7"},
				"west": {"uv": [2, 11, 1, 13], "texture": "#7"},
				"up": {"uv": [1, 11, 2, 12], "rotation": 270, "texture": "#7"},
				"down": {"uv": [1, 12, 2, 13], "rotation": 90, "texture": "#7"}
			}
		},
		{
			"from": [5.5, 3.25, 7.5],
			"to": [6, 3.5, 11.5],
			"rotation": {"angle": 0, "axis": "y", "origin": [11.5, 9.5, 8.5]},
			"faces": {
				"north": {"uv": [0, 0, 0.5, 0.25], "texture": "#6"},
				"east": {"uv": [10, 8, 14, 8.25], "texture": "#6"},
				"south": {"uv": [0, 0, 0.5, 0.25], "texture": "#6"},
				"west": {"uv": [0, 0, 0.25, 4], "rotation": 90, "texture": "#6"},
				"up": {"uv": [0, 0, 0.5, 4], "texture": "#6"},
				"down": {"uv": [0, 0, 0.5, 4], "texture": "#6"}
			}
		},
		{
			"from": [10, 3.25, 7.5],
			"to": [10.5, 3.5, 11.5],
			"rotation": {"angle": 0, "axis": "y", "origin": [16, 9.5, 8.5]},
			"faces": {
				"north": {"uv": [0, 0, 1, 0], "texture": "#6"},
				"east": {"uv": [0, 0, 0.25, 4], "rotation": 90, "texture": "#6"},
				"south": {"uv": [0, 0, 1, 0], "texture": "#6"},
				"west": {"uv": [10, 8, 14, 8.25], "texture": "#6"},
				"up": {"uv": [0, 0, 0.5, 4], "texture": "#6"},
				"down": {"uv": [0, 0, 0.5, 4], "texture": "#6"}
			}
		},
		{
			"from": [5.5, 3.25, 11.75],
			"to": [6, 3.5, 13.5],
			"rotation": {"angle": 0, "axis": "y", "origin": [11.5, 9.5, 10.5]},
			"faces": {
				"north": {"uv": [0, 0, 0.5, 0.25], "texture": "#6"},
				"east": {"uv": [10, 8, 11.75, 8.25], "texture": "#6"},
				"south": {"uv": [0, 0, 0.5, 0.25], "texture": "#6"},
				"west": {"uv": [0, 0, 0.25, 1.75], "rotation": 90, "texture": "#6"},
				"up": {"uv": [0, 0, 0.5, 1.75], "texture": "#6"},
				"down": {"uv": [0, 0, 0.5, 1.75], "texture": "#6"}
			}
		},
		{
			"from": [10, 3.25, 11.75],
			"to": [10.5, 3.5, 13.5],
			"rotation": {"angle": 0, "axis": "y", "origin": [16, 9.5, 10.5]},
			"faces": {
				"north": {"uv": [0, 0, 1, 0], "texture": "#6"},
				"east": {"uv": [0, 0, 0.25, 1.75], "rotation": 90, "texture": "#6"},
				"south": {"uv": [0, 0, 1, 0], "texture": "#6"},
				"west": {"uv": [10, 8, 11.75, 8.25], "texture": "#6"},
				"up": {"uv": [0, 0, 0.5, 1.75], "texture": "#6"},
				"down": {"uv": [0, 0, 0.5, 1.75], "texture": "#6"}
			}
		},
		{
			"from": [5.5, 2.75, 7.5],
			"to": [6, 3, 9.25],
			"rotation": {"angle": 0, "axis": "y", "origin": [11.5, 9, 6.25]},
			"faces": {
				"north": {"uv": [0, 0, 0.5, 0.25], "texture": "#6"},
				"east": {"uv": [10, 8, 11.75, 8.25], "texture": "#6"},
				"south": {"uv": [0, 0, 0.5, 0.25], "texture": "#6"},
				"west": {"uv": [0, 0, 0.25, 1.75], "rotation": 90, "texture": "#6"},
				"up": {"uv": [0, 0, 0.5, 1.75], "texture": "#6"},
				"down": {"uv": [0, 0, 0.5, 1.75], "texture": "#6"}
			}
		},
		{
			"from": [10, 2.75, 7.5],
			"to": [10.5, 3, 9.25],
			"rotation": {"angle": 0, "axis": "y", "origin": [16, 9, 6.25]},
			"faces": {
				"north": {"uv": [0, 0, 1, 0], "texture": "#6"},
				"east": {"uv": [0, 0, 0.25, 1.75], "rotation": 90, "texture": "#6"},
				"south": {"uv": [0, 0, 1, 0], "texture": "#6"},
				"west": {"uv": [10, 8, 11.75, 8.25], "texture": "#6"},
				"up": {"uv": [0, 0, 0.5, 1.75], "texture": "#6"},
				"down": {"uv": [0, 0, 0.5, 1.75], "texture": "#6"}
			}
		},
		{
			"from": [5.5, 2.75, 9.5],
			"to": [6, 3, 13.5],
			"rotation": {"angle": 0, "axis": "y", "origin": [11.5, 9, 8.5]},
			"faces": {
				"north": {"uv": [0, 0, 0.5, 0.25], "texture": "#6"},
				"east": {"uv": [10, 8, 14, 8.25], "texture": "#6"},
				"south": {"uv": [0, 0, 0.5, 0.25], "texture": "#6"},
				"west": {"uv": [0, 0, 0.25, 4], "rotation": 90, "texture": "#6"},
				"up": {"uv": [0, 0, 0.5, 4], "texture": "#6"},
				"down": {"uv": [0, 0, 0.5, 4], "texture": "#6"}
			}
		},
		{
			"from": [10, 2.75, 9.5],
			"to": [10.5, 3, 13.5],
			"rotation": {"angle": 0, "axis": "y", "origin": [16, 9, 8.5]},
			"faces": {
				"north": {"uv": [0, 0, 1, 0], "texture": "#6"},
				"east": {"uv": [0, 0, 0.25, 4], "rotation": 90, "texture": "#6"},
				"south": {"uv": [0, 0, 1, 0], "texture": "#6"},
				"west": {"uv": [10, 8, 14, 8.25], "texture": "#6"},
				"up": {"uv": [0, 0, 0.5, 4], "texture": "#6"},
				"down": {"uv": [0, 0, 0.5, 4], "texture": "#6"}
			}
		},
		{
			"from": [5.75, 2.5, 7.25],
			"to": [6, 3.75, 13.75],
			"rotation": {"angle": 0, "axis": "y", "origin": [11.5, 9.75, 8.5]},
			"faces": {
				"north": {"uv": [6, 0, 6.25, 1.25], "texture": "#6"},
				"east": {"uv": [18.5, 22.5, 25, 23.75], "texture": "#6"},
				"south": {"uv": [6, 1.25, 6.25, 0], "texture": "#6"},
				"west": {"uv": [6, 0, 12.5, 1.25], "texture": "#6"},
				"up": {"uv": [6, 0, 6.25, 6.5], "texture": "#6"},
				"down": {"uv": [6, 0, 6.25, 6.5], "texture": "#6"}
			}
		},
		{
			"from": [10, 2.5, 7.25],
			"to": [10.25, 3.75, 13.75],
			"rotation": {"angle": 0, "axis": "y", "origin": [15.75, 9.75, 8.5]},
			"faces": {
				"north": {"uv": [6, 0, 6.25, 1.25], "texture": "#6"},
				"east": {"uv": [6, 0, 12.5, 1.25], "texture": "#6"},
				"south": {"uv": [6, 0, 6, 1], "texture": "#6"},
				"west": {"uv": [18.5, 22.5, 25, 23.75], "texture": "#6"},
				"up": {"uv": [6, 0, 6.25, 6.5], "texture": "#6"},
				"down": {"uv": [6, 0, 6.25, 6.5], "texture": "#6"}
			}
		},
		{
			"from": [5.75, 4.25, 10.75],
			"to": [10.25, 6.25, 11.75],
			"rotation": {"angle": 0, "axis": "y", "origin": [11.5, 11.25, 8.75]},
			"faces": {
				"north": {"uv": [0, 0, 9, 4], "texture": "#3"},
				"east": {"uv": [0, 0, 2, 4], "texture": "#3"},
				"south": {"uv": [0, 0, 9, 4], "texture": "#3"},
				"west": {"uv": [0, 0, 2, 4], "texture": "#3"},
				"up": {"uv": [0, 0, 9, 2], "texture": "#3"},
				"down": {"uv": [0, 0, 9, 2], "texture": "#3"}
			}
		},
		{
			"from": [5.75, 4.25, 12.25],
			"to": [10.25, 6.25, 13.25],
			"rotation": {"angle": 0, "axis": "y", "origin": [11.5, 11.25, 10.25]},
			"faces": {
				"north": {"uv": [0, 0, 9, 4], "texture": "#3"},
				"east": {"uv": [0, 0, 2, 4], "texture": "#3"},
				"south": {"uv": [0, 0, 9, 4], "texture": "#3"},
				"west": {"uv": [0, 0, 2, 4], "texture": "#3"},
				"up": {"uv": [0, 0, 9, 2], "texture": "#3"},
				"down": {"uv": [0, 0, 9, 2], "texture": "#3"}
			}
		},
		{
			"from": [5.75, 1.75, 15.5],
			"to": [10.25, 6.25, 17],
			"rotation": {"angle": 0, "axis": "y", "origin": [16, 5.75, 17.25]},
			"faces": {
				"north": {"uv": [6, 0, 11, 5], "texture": "#6"},
				"east": {"uv": [6, 0, 7.5, 4.5], "texture": "#6"},
				"south": {"uv": [6, 0, 10.5, 4.5], "texture": "#6"},
				"west": {"uv": [6, 0, 7.5, 4.5], "texture": "#6"},
				"up": {"uv": [10.5, 1.5, 6, 0], "texture": "#6"},
				"down": {"uv": [10.5, 0, 6, 1.5], "texture": "#6"}
			}
		},
		{
			"from": [5.5, 1.5, 15.75],
			"to": [10.5, 6.5, 16.75],
			"rotation": {"angle": 0, "axis": "y", "origin": [16, 5.75, 17.25]},
			"faces": {
				"north": {"uv": [0, 5, 5, 10], "texture": "#6"},
				"east": {"uv": [0, 0, 1, 5], "texture": "#6"},
				"south": {"uv": [0, 5, 5, 10], "texture": "#6"},
				"west": {"uv": [0, 0, 1, 5], "texture": "#6"},
				"up": {"uv": [1, 5, 0, 0], "rotation": 90, "texture": "#6"},
				"down": {"uv": [1, 0, 0, 5], "rotation": 90, "texture": "#6"}
			}
		},
		{
			"from": [6.25, 2.25, 18.5],
			"to": [9.75, 5.75, 20],
			"rotation": {"angle": 0, "axis": "y", "origin": [16, 5.75, 20.25]},
			"faces": {
				"north": {"uv": [5, 0, 8.5, 3.5], "texture": "#6"},
				"east": {"uv": [6, 0, 7.5, 3.5], "texture": "#6"},
				"south": {"uv": [6, 0, 10, 4], "texture": "#6"},
				"west": {"uv": [6, 0, 7.5, 3.5], "texture": "#6"},
				"up": {"uv": [9.5, 1.5, 6, 0], "texture": "#6"},
				"down": {"uv": [9.5, 0, 6, 1.5], "texture": "#6"}
			}
		},
		{
			"from": [6, 2, 18.75],
			"to": [10, 6, 19.75],
			"rotation": {"angle": 0, "axis": "y", "origin": [16, 5.75, 20.25]},
			"faces": {
				"north": {"uv": [0, 5, 4, 9], "texture": "#6"},
				"east": {"uv": [0, 0, 1, 4], "texture": "#6"},
				"south": {"uv": [0, 5, 4, 9], "texture": "#6"},
				"west": {"uv": [0, 0, 1, 4], "texture": "#6"},
				"up": {"uv": [1, 4, 0, 0], "rotation": 90, "texture": "#6"},
				"down": {"uv": [1, 0, 0, 4], "rotation": 90, "texture": "#6"}
			}
		},
		{
			"from": [7, -1, 7],
			"to": [9, 5, 9],
			"rotation": {"angle": -22.5, "axis": "x", "origin": [9, 5, 9]},
			"faces": {
				"north": {"uv": [2.5, 6.5, 3, 8], "texture": "#3"},
				"east": {"uv": [2, 6.5, 2.5, 8], "texture": "#3"},
				"south": {"uv": [3.5, 6.5, 4, 8], "texture": "#3"},
				"west": {"uv": [3, 6.5, 3.5, 8], "texture": "#3"},
				"up": {"uv": [3, 6.5, 2.5, 6], "texture": "#3"},
				"down": {"uv": [3.5, 6, 3, 6.5], "texture": "#3"}
			}
		},
		{
			"from": [6, 2, 15],
			"to": [10, 6, 17.5],
			"rotation": {"angle": 0, "axis": "y", "origin": [16, 11, 17]},
			"faces": {
				"north": {"uv": [0.5, 4.5, 1.5, 5.5], "texture": "#4"},
				"east": {"uv": [0, 4.5, 0.5, 5.5], "texture": "#4"},
				"south": {"uv": [2, 4.5, 3, 5.5], "texture": "#4"},
				"west": {"uv": [1.5, 4.5, 2, 5.5], "texture": "#4"},
				"up": {"uv": [1.5, 4.5, 0.5, 4], "texture": "#4"},
				"down": {"uv": [2.5, 4, 1.5, 4.5], "texture": "#4"}
			}
		},
		{
			"from": [7, 1.5, 20.75],
			"to": [9, 6.5, 22.25],
			"rotation": {"angle": 0, "axis": "y", "origin": [16, 11, 22.5]},
			"faces": {
				"north": {"uv": [0.5, 4.5, 1, 5.75], "texture": "#4"},
				"east": {"uv": [0, 4.5, 0.5, 5.75], "texture": "#4"},
				"south": {"uv": [1.5, 4.5, 2, 5.75], "texture": "#4"},
				"west": {"uv": [1, 4.5, 1.5, 5.75], "texture": "#4"},
				"up": {"uv": [1, 4.5, 0.5, 4], "texture": "#4"},
				"down": {"uv": [1.5, 4, 1, 4.5], "texture": "#4"}
			}
		},
		{
			"from": [6.75, 1.25, 21],
			"to": [9.25, 6.75, 22],
			"rotation": {"angle": 0, "axis": "y", "origin": [16, 11, 23]},
			"faces": {
				"north": {"uv": [2.25, 4.25, 2.75, 5.5], "texture": "#1"},
				"east": {"uv": [2, 4.25, 2.25, 5.5], "texture": "#1"},
				"south": {"uv": [3, 4.25, 3.5, 5.5], "texture": "#1"},
				"west": {"uv": [2.75, 4.25, 3, 5.5], "texture": "#1"},
				"up": {"uv": [2.75, 4.25, 2.25, 4], "texture": "#1"},
				"down": {"uv": [3.25, 4, 2.75, 4.25], "texture": "#1"}
			}
		},
		{
			"from": [10, 5.5, 8],
			"to": [11, 8, 10],
			"rotation": {"angle": 0, "axis": "z", "origin": [10, 5, 8]},
			"faces": {
				"north": {"uv": [2.5, 4.5, 2.75, 5], "rotation": 90, "texture": "#1"},
				"east": {"uv": [2, 4.5, 2.5, 5], "rotation": 270, "texture": "#1"},
				"south": {"uv": [3.25, 4.5, 3.5, 5], "rotation": 270, "texture": "#1"},
				"west": {"uv": [2.75, 4.5, 3.25, 5], "rotation": 270, "texture": "#1"},
				"up": {"uv": [2.75, 4.5, 2.5, 4], "rotation": 270, "texture": "#1"},
				"down": {"uv": [3, 4, 2.75, 4.5], "rotation": 270, "texture": "#1"}
			}
		},
		{
			"from": [5, 5.5, 8],
			"to": [6, 8, 10],
			"rotation": {"angle": 0, "axis": "z", "origin": [5, 5, 8]},
			"faces": {
				"north": {"uv": [2.5, 4.5, 2.75, 5], "rotation": 90, "texture": "#1"},
				"east": {"uv": [2, 4.5, 2.5, 5], "rotation": 270, "texture": "#1"},
				"south": {"uv": [3.25, 4.5, 3.5, 5], "rotation": 270, "texture": "#1"},
				"west": {"uv": [2.75, 4.5, 3.25, 5], "rotation": 270, "texture": "#1"},
				"up": {"uv": [2.75, 4.5, 2.5, 4], "rotation": 270, "texture": "#1"},
				"down": {"uv": [3, 4, 2.75, 4.5], "rotation": 270, "texture": "#1"}
			}
		},
		{
			"from": [5, 8, 8],
			"to": [6, 9.75, 10],
			"rotation": {"angle": -45, "axis": "z", "origin": [5, 8, 8]},
			"faces": {
				"north": {"uv": [2.5, 4.5, 2.75, 4.75], "rotation": 90, "texture": "#1"},
				"east": {"uv": [2, 4.5, 2.5, 4.75], "rotation": 270, "texture": "#1"},
				"south": {"uv": [3.25, 4.5, 3.5, 4.75], "rotation": 270, "texture": "#1"},
				"west": {"uv": [2.75, 4.5, 3.25, 4.75], "rotation": 270, "texture": "#1"},
				"up": {"uv": [2.75, 4.5, 2.5, 4], "rotation": 270, "texture": "#1"},
				"down": {"uv": [3, 4, 2.75, 4.5], "rotation": 270, "texture": "#1"}
			}
		},
		{
			"from": [6, 2, 6.5],
			"to": [10, 6, 14.5],
			"rotation": {"angle": 0, "axis": "y", "origin": [16, 11, 8.5]},
			"faces": {
				"north": {"uv": [0, 0, 4, 4], "texture": "#4"},
				"east": {"uv": [1, 0, 9, 4], "texture": "#4"},
				"south": {"uv": [0, 0, 4, 4], "texture": "#4"},
				"west": {"uv": [0, 0, 8, 4], "texture": "#4"},
				"up": {"uv": [4, 8, 0, 0], "texture": "#4"},
				"down": {"uv": [4, 0, 0, 8], "texture": "#4"}
			}
		},
		{
			"from": [5, 5.5, 8],
			"to": [8, 6.5, 10],
			"rotation": {"angle": -45, "axis": "z", "origin": [5, 5.5, 8]},
			"faces": {
				"north": {"uv": [2.5, 6.5, 3.25, 6.75], "rotation": 180, "texture": "#1"},
				"east": {"uv": [2, 6.5, 2.5, 6.75], "rotation": 180, "texture": "#1"},
				"south": {"uv": [3.75, 6.5, 4.5, 6.75], "rotation": 180, "texture": "#1"},
				"west": {"uv": [3.25, 6.5, 3.75, 6.75], "rotation": 180, "texture": "#1"},
				"up": {"uv": [3.25, 6.5, 2.5, 6], "rotation": 180, "texture": "#1"},
				"down": {"uv": [4, 6, 3.25, 6.5], "rotation": 180, "texture": "#1"}
			}
		},
		{
			"from": [9.25, 7, 8],
			"to": [11, 8, 10],
			"rotation": {"angle": -45, "axis": "z", "origin": [11, 8, 8]},
			"faces": {
				"north": {"uv": [2.5, 6.5, 2.75, 6.75], "rotation": 180, "texture": "#1"},
				"east": {"uv": [2, 6.5, 2.5, 6.75], "rotation": 180, "texture": "#1"},
				"south": {"uv": [3.25, 6.5, 3.5, 6.75], "rotation": 180, "texture": "#1"},
				"west": {"uv": [2.75, 6.5, 3.25, 6.75], "rotation": 180, "texture": "#1"},
				"up": {"uv": [2.75, 6.5, 2.5, 6], "rotation": 180, "texture": "#1"},
				"down": {"uv": [3, 6, 2.75, 6.5], "rotation": 180, "texture": "#1"}
			}
		},
		{
			"from": [6.25, 8.95, 8.45],
			"to": [9.75, 9.15, 8.65],
			"rotation": {"angle": 0, "axis": "z", "origin": [9, 8.15, 7.95]},
			"faces": {
				"north": {"uv": [2, 9, 2.75, 9], "rotation": 90, "texture": "#5"},
				"east": {"uv": [2, 9, 2, 9], "rotation": 270, "texture": "#5"},
				"south": {"uv": [2.75, 9, 3.5, 9], "rotation": 270, "texture": "#5"},
				"west": {"uv": [2.75, 9, 2.75, 9], "rotation": 270, "texture": "#5"},
				"up": {"uv": [2.75, 9, 2, 9], "rotation": 270, "texture": "#5"},
				"down": {"uv": [3.5, 9, 2.75, 9], "rotation": 270, "texture": "#5"}
			}
		},
		{
			"from": [6.25, 8.95, 9.375],
			"to": [9.75, 9.15, 9.575],
			"rotation": {"angle": 0, "axis": "z", "origin": [9, 8.15, 8.875]},
			"faces": {
				"north": {"uv": [2, 9, 2.75, 9], "rotation": 90, "texture": "#5"},
				"east": {"uv": [2, 9, 2, 9], "rotation": 270, "texture": "#5"},
				"south": {"uv": [2.75, 9, 3.5, 9], "rotation": 270, "texture": "#5"},
				"west": {"uv": [2.75, 9, 2.75, 9], "rotation": 270, "texture": "#5"},
				"up": {"uv": [2.75, 9, 2, 9], "rotation": 270, "texture": "#5"},
				"down": {"uv": [3.5, 9, 2.75, 9], "rotation": 270, "texture": "#5"}
			}
		},
		{
			"from": [6.25, 8.95, 8.925],
			"to": [9.75, 9.15, 9.125],
			"rotation": {"angle": 0, "axis": "z", "origin": [9, 8.15, 8.425]},
			"faces": {
				"north": {"uv": [2, 9, 2.75, 9], "rotation": 90, "texture": "#5"},
				"east": {"uv": [2, 9, 2, 9], "rotation": 270, "texture": "#5"},
				"south": {"uv": [2.75, 9, 3.5, 9], "rotation": 270, "texture": "#5"},
				"west": {"uv": [2.75, 9, 2.75, 9], "rotation": 270, "texture": "#5"},
				"up": {"uv": [2.75, 9, 2, 9], "rotation": 270, "texture": "#5"},
				"down": {"uv": [3.5, 9, 2.75, 9], "rotation": 270, "texture": "#5"}
			}
		},
		{
			"from": [6.25, 8.65, 8.45],
			"to": [9.75, 8.85, 8.65],
			"rotation": {"angle": 0, "axis": "z", "origin": [9, 7.85, 7.95]},
			"faces": {
				"north": {"uv": [2, 9, 2.75, 9], "rotation": 90, "texture": "#5"},
				"east": {"uv": [2, 9, 2, 9], "rotation": 270, "texture": "#5"},
				"south": {"uv": [2.75, 9, 3.5, 9], "rotation": 270, "texture": "#5"},
				"west": {"uv": [2.75, 9, 2.75, 9], "rotation": 270, "texture": "#5"},
				"up": {"uv": [2.75, 9, 2, 9], "rotation": 270, "texture": "#5"},
				"down": {"uv": [3.5, 9, 2.75, 9], "rotation": 270, "texture": "#5"}
			}
		},
		{
			"from": [6.25, 8.65, 9.375],
			"to": [9.75, 8.85, 9.575],
			"rotation": {"angle": 0, "axis": "z", "origin": [9, 7.85, 8.875]},
			"faces": {
				"north": {"uv": [2, 9, 2.75, 9], "rotation": 90, "texture": "#5"},
				"east": {"uv": [2, 9, 2, 9], "rotation": 270, "texture": "#5"},
				"south": {"uv": [2.75, 9, 3.5, 9], "rotation": 270, "texture": "#5"},
				"west": {"uv": [2.75, 9, 2.75, 9], "rotation": 270, "texture": "#5"},
				"up": {"uv": [2.75, 9, 2, 9], "rotation": 270, "texture": "#5"},
				"down": {"uv": [3.5, 9, 2.75, 9], "rotation": 270, "texture": "#5"}
			}
		},
		{
			"from": [6.25, 8.65, 8.925],
			"to": [9.75, 8.85, 9.125],
			"rotation": {"angle": 0, "axis": "z", "origin": [9, 7.85, 8.425]},
			"faces": {
				"north": {"uv": [2, 9, 2.75, 9], "rotation": 90, "texture": "#5"},
				"east": {"uv": [2, 9, 2, 9], "rotation": 270, "texture": "#5"},
				"south": {"uv": [2.75, 9, 3.5, 9], "rotation": 270, "texture": "#5"},
				"west": {"uv": [2.75, 9, 2.75, 9], "rotation": 270, "texture": "#5"},
				"up": {"uv": [2.75, 9, 2, 9], "rotation": 270, "texture": "#5"},
				"down": {"uv": [3.5, 9, 2.75, 9], "rotation": 270, "texture": "#5"}
			}
		},
		{
			"from": [10, 2.5, 8],
			"to": [11, 5.5, 10],
			"rotation": {"angle": -45, "axis": "z", "origin": [11, 5.5, 8]},
			"faces": {
				"north": {"uv": [2.5, 4.5, 2.75, 5.25], "rotation": 90, "texture": "#1"},
				"east": {"uv": [2, 4.5, 2.5, 5.25], "rotation": 270, "texture": "#1"},
				"south": {"uv": [3.25, 4.5, 3.5, 5.25], "rotation": 270, "texture": "#1"},
				"west": {"uv": [2.75, 4.5, 3.25, 5.25], "rotation": 270, "texture": "#1"},
				"up": {"uv": [2.75, 4.5, 2.5, 4], "rotation": 270, "texture": "#1"},
				"down": {"uv": [3, 4, 2.75, 4.5], "rotation": 270, "texture": "#1"}
			}
		},
		{
			"from": [7.5, 1, 7],
			"to": [8.5, 2, 7.5],
			"rotation": {"angle": 0, "axis": "y", "origin": [16, 11, 6]},
			"faces": {
				"north": {"uv": [0, 1, 0.25, 1.25], "texture": "#1"},
				"east": {"uv": [0, 1, 0, 1.25], "texture": "#1"},
				"south": {"uv": [0.25, 1, 0.5, 1.25], "texture": "#1"},
				"west": {"uv": [0.25, 1, 0.25, 1.25], "texture": "#1"},
				"up": {"uv": [0.25, 1, 0, 1], "texture": "#1"},
				"down": {"uv": [0.5, 1, 0.25, 1], "texture": "#1"}
			}
		},
		{
			"from": [6.5, 2.5, 5.75],
			"to": [9.5, 5.5, 8.5],
			"rotation": {"angle": 0, "axis": "y", "origin": [16, 11, 7.5]},
			"faces": {
				"north": {"uv": [0.5, 14, 1.25, 14.75], "texture": "#3"},
				"east": {"uv": [0, 14, 0.5, 14.75], "texture": "#3"},
				"south": {"uv": [1.75, 14, 2.5, 14.75], "texture": "#3"},
				"west": {"uv": [1.25, 14, 1.75, 14.75], "texture": "#3"},
				"up": {"uv": [1.25, 14, 0.5, 13.5], "texture": "#3"},
				"down": {"uv": [2, 13.5, 1.25, 14], "texture": "#3"}
			}
		},
		{
			"from": [7, 3, 14.5],
			"to": [9, 5, 20.75],
			"rotation": {"angle": 0, "axis": "y", "origin": [16, 11, 16.25]},
			"faces": {
				"north": {"uv": [0.5, 14, 1.25, 14.75], "texture": "#3"},
				"east": {"uv": [0, 14, 0.5, 14.75], "texture": "#3"},
				"south": {"uv": [1.75, 14, 2.5, 14.75], "texture": "#3"},
				"west": {"uv": [1.25, 14, 1.75, 14.75], "texture": "#3"},
				"up": {"uv": [1.25, 14, 0.5, 13.5], "texture": "#3"},
				"down": {"uv": [2, 13.5, 1.25, 14], "texture": "#3"}
			}
		},
		{
			"from": [6.5, 2.5, 18],
			"to": [9.5, 5.5, 20.5],
			"rotation": {"angle": 0, "axis": "y", "origin": [16, 11, 20]},
			"faces": {
				"north": {"uv": [0.5, 4.5, 1.25, 5.25], "texture": "#4"},
				"east": {"uv": [0, 4.5, 0.5, 5.25], "texture": "#4"},
				"south": {"uv": [1.75, 4.5, 2.5, 5.25], "texture": "#4"},
				"west": {"uv": [1.25, 4.5, 1.75, 5.25], "texture": "#4"},
				"up": {"uv": [1.25, 4.5, 0.5, 4], "texture": "#4"},
				"down": {"uv": [2, 4, 1.25, 4.5], "texture": "#4"}
			}
		}
	],
	"display": {
		"thirdperson_righthand": {
			"rotation": [10, -10, 0],
			"translation": [0.75, 9.25, 1.75],
			"scale": [1.2, 1.2, 1.2]
		},
		"firstperson_righthand": {
			"rotation": [13, 5, 5],
			"translation": [7.25, 8.25, 0]
		},
		"ground": {
			"translation": [0, 9, 0],
			"scale": [1.5, 1.5, 1.5]
		},
		"gui": {
			"rotation": [30, 45, 0],
			"translation": [0.5, 3.25, 0],
			"scale": [1.3, 1.3, 1.3]
		},
		"head": {
			"translation": [0, 21.75, -2],
			"scale": [2.2, 2.2, 2.2]
		},
		"fixed": {
			"rotation": [-75, 0, 0],
			"translation": [0, 0.25, -19],
			"scale": [2, 2, 2]
		}
	},
	"groups": [
		{
			"name": "Barell",
			"origin": [20.5, 10.5, -5],
			"children": [0, 1, 2, 3, 4, 5, 6, 7, 8, 9, 10, 11, 12, 13, 14, 15, 16, 17, 18, 19, 20, 21, 22, 23, 24, 25, 26, 27, 28, 29, 30, 31, 32, 33, 34, 35, 36, 37, 38]
		},
		{
			"name": "Item",
			"origin": [16, 8.5, 14],
			"children": [39, 40, 41, 42, 43, 44, 45, 46, 47, 48, 49, 50, 51, 52]
		},
		{
			"name": "Details",
			"origin": [16, 8.25, 9.5],
			"children": [53, 54, 55, 56, 57, 58, 59, 60, 61, 62, 63, 64]
		},
		{
			"name": "Gun",
			"origin": [16, 8, 20.5],
			"children": [65, 66, 67, 68, 69, 70, 71, 72, 73, 74, 75, 76, 77, 78, 79, 80, 81, 82, 83, 84, 85, 86, 87, 88, 89]
		}
	]
}