{
	"credit": "Made with Blockbench",
	"texture_size": [64, 64],
	"textures": {
		"0": "geek/gizmo_hat/base",
		"1": "geek/gizmo_hat/torch",
		"2": "geek/gizmo_hat/pipe",
		"3": "geek/gizmo_hat/light1",
		"4": "geek/gizmo_hat/light2",
		"particle": "geek/gizmo_hat/base"
	},
	"elements": [
		{
			"from": [3, 7, 3],
			"to": [13, 9, 13],
			"faces": {
				"north": {"uv": [2.5, 2.5, 5, 3], "texture": "#0"},
				"east": {"uv": [0, 2.5, 2.5, 3], "texture": "#0"},
				"south": {"uv": [7.5, 2.5, 10, 3], "texture": "#0"},
				"west": {"uv": [5, 2.5, 7.5, 3], "texture": "#0"},
				"up": {"uv": [5, 2.5, 2.5, 0], "texture": "#0"},
				"down": {"uv": [7.5, 0, 5, 2.5], "texture": "#0"}
			}
		},
		{
			"from": [5, 9, 5],
			"to": [11, 11, 11],
			"faces": {
				"north": {"uv": [6, 4.5, 7.5, 5], "texture": "#0"},
				"east": {"uv": [6, 4.5, 7.5, 5], "texture": "#0"},
				"south": {"uv": [6, 4.5, 7.5, 5], "texture": "#0"},
				"west": {"uv": [6, 4.5, 7.5, 5], "texture": "#0"},
				"up": {"uv": [7.5, 4.5, 6, 3], "texture": "#0"}
			}
		},
		{
			"from": [8, 9, 8],
			"to": [12, 14, 12],
			"faces": {
				"north": {"uv": [0, 0, 8, 10], "texture": "#4"},
				"east": {"uv": [0, 0, 8, 10], "texture": "#4"},
				"south": {"uv": [0, 0, 8, 10], "texture": "#4"},
				"west": {"uv": [0, 0, 8, 10], "texture": "#4"}
			}
		},
		{
			"from": [7.5, 14, 7.5],
			"to": [12.5, 15, 12.5],
			"faces": {
				"north": {"uv": [3.75, 6, 5, 6.25], "texture": "#0"},
				"east": {"uv": [3.75, 6, 5, 6.25], "texture": "#0"},
				"south": {"uv": [3.75, 6, 5, 6.25], "texture": "#0"},
				"west": {"uv": [3.75, 6, 5, 6.25], "texture": "#0"},
				"up": {"uv": [5, 6, 3.75, 4.75], "texture": "#0"},
				"down": {"uv": [3.75, 4.75, 2.5, 6], "texture": "#0"}
			}
		},
		{
			"from": [2, 5, 8],
			"to": [4, 10, 11],
			"faces": {
				"north": {"uv": [4.25, 3.5, 4.75, 4.75], "texture": "#0"},
				"east": {"uv": [4.75, 3.5, 5.5, 4.75], "texture": "#0"},
				"south": {"uv": [4.25, 3.5, 4.75, 4.75], "texture": "#0"},
				"west": {"uv": [0, 0, 6, 10], "texture": "#3"},
				"up": {"uv": [6, 4.75, 5.5, 4], "texture": "#0"},
				"down": {"uv": [6, 4, 5.5, 4.75], "texture": "#0"}
			}
		},
		{
			"from": [12, 4, 6],
			"to": [14, 6, 8],
			"faces": {
				"north": {"uv": [0, 12, 4, 16], "rotation": 90, "texture": "#2"},
				"east": {"uv": [0, 0, 4, 4], "texture": "#2"},
				"south": {"uv": [0, 12, 4, 16], "rotation": 270, "texture": "#2"},
				"west": {"uv": [0, 0, 4, 4], "texture": "#2"},
				"up": {"uv": [4, 16, 0, 12], "rotation": 90, "texture": "#2"},
				"down": {"uv": [0, 16, 4, 12], "rotation": 90, "texture": "#2"}
			}
		},
		{
			"from": [14, 6, 6],
			"to": [16, 10, 8],
			"faces": {
				"north": {"uv": [0, 16, 4, 8], "texture": "#2"},
				"east": {"uv": [0, 16, 4, 8], "texture": "#2"},
				"south": {"uv": [0, 16, 4, 8], "texture": "#2"},
				"west": {"uv": [0, 16, 4, 8], "texture": "#2"},
				"up": {"uv": [4, 0, 0, 4], "texture": "#2"},
				"down": {"uv": [3.75, 4, -0.25, 0], "texture": "#2"}
			}
		},
		{
			"from": [9, 10, 6],
			"to": [14, 12, 8],
			"faces": {
				"north": {"uv": [0, 6, 4, 16], "rotation": 270, "texture": "#2"},
				"east": {"uv": [0, 0, 4, 4], "texture": "#2"},
				"south": {"uv": [0, 6, 4, 16], "rotation": 90, "texture": "#2"},
				"west": {"uv": [0, 0, 4, 4], "texture": "#2"},
				"up": {"uv": [4, 16, 0, 6], "rotation": 270, "texture": "#2"},
				"down": {"uv": [0, 16, 4, 6], "rotation": 270, "texture": "#2"}
			}
		},
		{
			"from": [13, 8, 9],
			"to": [15, 14, 11],
			"faces": {
				"north": {"uv": [0, 4, 4, 16], "texture": "#2"},
				"east": {"uv": [0, 4, 4, 16], "texture": "#2"},
				"south": {"uv": [0, 4, 4, 16], "texture": "#2"},
				"west": {"uv": [0, 4, 4, 16], "texture": "#2"},
				"up": {"uv": [4, 4, 0, 0], "texture": "#2"},
				"down": {"uv": [4, 0, 0, 4], "texture": "#2"}
			}
		},
		{
			"from": [12, 6, 9],
			"to": [14, 8, 11],
			"faces": {
				"north": {"uv": [0, 12, 4, 16], "texture": "#2"},
				"east": {"uv": [0, 0, 4, 4], "texture": "#2"},
				"south": {"uv": [0, 12, 4, 16], "texture": "#2"},
				"west": {"uv": [0, 0, 4, 4], "texture": "#2"},
				"up": {"uv": [4, 16, 0, 12], "rotation": 270, "texture": "#2"},
				"down": {"uv": [0, 16, 4, 12], "rotation": 270, "texture": "#2"}
			}
		},
		{
			"from": [9, 4, 13],
			"to": [11, 10, 15],
			"faces": {
				"north": {"uv": [0, 16, 4, 4], "texture": "#2"},
				"east": {"uv": [0, 16, 4, 4], "texture": "#2"},
				"south": {"uv": [0, 16, 4, 4], "texture": "#2"},
				"west": {"uv": [0, 16, 4, 4], "texture": "#2"},
				"up": {"uv": [4, 0, 0, 4], "texture": "#2"},
				"down": {"uv": [4, 4, 0, 0], "texture": "#2"}
			}
		},
		{
			"from": [5, 6, 14],
			"to": [7, 9, 16],
			"faces": {
				"north": {"uv": [0, 10, 4, 16], "texture": "#2"},
				"east": {"uv": [0, 10, 4, 16], "texture": "#2"},
				"south": {"uv": [0, 10, 4, 16], "texture": "#2"},
				"west": {"uv": [0, 10, 4, 16], "texture": "#2"},
				"up": {"uv": [4, 4, 0, 0], "texture": "#2"},
				"down": {"uv": [4, 0, 0, 4], "texture": "#2"}
			}
		},
		{
			"from": [2, 9, 14],
			"to": [5, 11, 16],
			"faces": {
				"north": {"uv": [0, 10, 4, 16], "rotation": 90, "texture": "#2"},
				"east": {"uv": [0, 0, 4, 4], "texture": "#2"},
				"south": {"uv": [0, 10, 4, 16], "rotation": 270, "texture": "#2"},
				"west": {"uv": [0, 0, 4, 4], "texture": "#2"},
				"up": {"uv": [4, 16, 0, 10], "rotation": 90, "texture": "#2"},
				"down": {"uv": [0, 16, 4, 10], "rotation": 90, "texture": "#2"}
			}
		},
		{
			"from": [0, 9, 9],
			"to": [2, 11, 14],
			"faces": {
				"north": {"uv": [0, 0, 4, 4], "texture": "#2"},
				"east": {"uv": [0, 6, 4, 16], "rotation": 270, "texture": "#2"},
				"south": {"uv": [0, 0, 4, 4], "texture": "#2"},
				"west": {"uv": [0, 6, 4, 16], "rotation": 90, "texture": "#2"},
				"up": {"uv": [4, 16, 0, 6], "texture": "#2"},
				"down": {"uv": [4, 6, 0, 16], "texture": "#2"}
			}
		},
		{
			"from": [1, 6, 6],
			"to": [3, 12, 8],
			"faces": {
				"north": {"uv": [0, 4, 4, 16], "texture": "#2"},
				"east": {"uv": [0, 7.75, 4, 19.75], "texture": "#2"},
				"south": {"uv": [0, 4, 4, 16], "texture": "#2"},
				"west": {"uv": [0, 4, 4, 16], "texture": "#2"},
				"up": {"uv": [4, 4, 0, 0], "texture": "#2"},
				"down": {"uv": [4, 0, 0, 4], "texture": "#2"}
			}
		},
		{
			"from": [5, 4, 12],
			"to": [7, 6, 14],
			"faces": {
				"north": {"uv": [0, 0, 4, 4], "texture": "#2"},
				"east": {"uv": [0, 12, 4, 16], "rotation": 270, "texture": "#2"},
				"south": {"uv": [0, 0, 4, 4], "texture": "#2"},
				"west": {"uv": [0, 12, 4, 16], "rotation": 90, "texture": "#2"},
				"up": {"uv": [4, 16, 0, 12], "texture": "#2"},
				"down": {"uv": [4, 12, 0, 16], "texture": "#2"}
			}
		},
		{
			"from": [9, 3, 12],
			"to": [11, 5, 13],
			"faces": {
				"north": {"uv": [0, 0, 4, 4], "texture": "#2"},
				"east": {"uv": [0, 14, 4, 16], "rotation": 90, "texture": "#2"},
				"south": {"uv": [0, 0, 4, 4], "texture": "#2"},
				"west": {"uv": [0, 14, 4, 16], "rotation": 90, "texture": "#2"},
				"up": {"uv": [4, 16, 0, 14], "texture": "#2"},
				"down": {"uv": [4, 14, 0, 16], "texture": "#2"}
			}
		},
		{
			"from": [3, 4, 6],
			"to": [4, 6, 8],
			"faces": {
				"north": {"uv": [0, 14, 4, 16], "rotation": 90, "texture": "#2"},
				"east": {"uv": [0, 0, 4, 4], "texture": "#2"},
				"south": {"uv": [0, 14, 4, 16], "rotation": 270, "texture": "#2"},
				"west": {"uv": [0, 0, 4, 4], "texture": "#2"},
				"up": {"uv": [4, 16, 0, 14], "rotation": 270, "texture": "#2"},
				"down": {"uv": [0, 16, 4, 14], "rotation": 90, "texture": "#2"}
			}
		},
		{
			"from": [9, 10, 12],
			"to": [11, 12, 13],
			"faces": {
				"north": {"uv": [0, 0, 4, 4], "texture": "#2"},
				"east": {"uv": [0, 14, 4, 16], "rotation": 90, "texture": "#2"},
				"south": {"uv": [0, 0, 4, 4], "texture": "#2"},
				"west": {"uv": [0, 14, 4, 16], "rotation": 90, "texture": "#2"},
				"up": {"uv": [4, 16, 0, 14], "texture": "#2"},
				"down": {"uv": [4, 14, 0, 16], "texture": "#2"}
			}
		},
		{
			"from": [0.75, 11.75, 5.75],
			"to": [3.25, 14.25, 8.25],
			"faces": {
				"north": {"uv": [0.5, 0.5, 1, 1], "texture": "#0"},
				"east": {"uv": [0, 0.5, 0.5, 1], "texture": "#0"},
				"south": {"uv": [1.5, 0.5, 2, 1], "texture": "#0"},
				"west": {"uv": [1, 0.5, 1.5, 1], "texture": "#0"},
				"up": {"uv": [1, 0.5, 0.5, 0], "texture": "#0"},
				"down": {"uv": [1.5, 0, 1, 0.5], "texture": "#0"}
			}
		},
		{
			"from": [0.75, 3.75, 5.75],
			"to": [3.25, 6.25, 8.25],
			"faces": {
				"north": {"uv": [0.5, 0.5, 1, 1], "texture": "#0"},
				"east": {"uv": [0, 0.5, 0.5, 1], "texture": "#0"},
				"south": {"uv": [1.5, 0.5, 2, 1], "texture": "#0"},
				"west": {"uv": [1, 0.5, 1.5, 1], "texture": "#0"},
				"up": {"uv": [1, 0.5, 0.5, 0], "texture": "#0"},
				"down": {"uv": [1.5, 0, 1, 0.5], "texture": "#0"}
			}
		},
		{
			"from": [13.75, 3.75, 5.75],
			"to": [16.25, 6.25, 8.25],
			"faces": {
				"north": {"uv": [0.5, 0.5, 1, 1], "texture": "#0"},
				"east": {"uv": [0, 0.5, 0.5, 1], "texture": "#0"},
				"south": {"uv": [1.5, 0.5, 2, 1], "texture": "#0"},
				"west": {"uv": [1, 0.5, 1.5, 1], "texture": "#0"},
				"up": {"uv": [1, 0.5, 0.5, 0], "texture": "#0"},
				"down": {"uv": [1.5, 0, 1, 0.5], "texture": "#0"}
			}
		},
		{
			"from": [13.75, 9.75, 5.75],
			"to": [16.25, 12.25, 8.25],
			"faces": {
				"north": {"uv": [0.5, 0.5, 1, 1], "texture": "#0"},
				"east": {"uv": [0, 0.5, 0.5, 1], "texture": "#0"},
				"south": {"uv": [1.5, 0.5, 2, 1], "texture": "#0"},
				"west": {"uv": [1, 0.5, 1.5, 1], "texture": "#0"},
				"up": {"uv": [1, 0.5, 0.5, 0], "texture": "#0"},
				"down": {"uv": [1.5, 0, 1, 0.5], "texture": "#0"}
			}
		},
		{
			"from": [12.75, 5.75, 8.75],
			"to": [15.25, 8.25, 11.25],
			"faces": {
				"north": {"uv": [0.5, 0.5, 1, 1], "texture": "#0"},
				"east": {"uv": [0, 0.5, 0.5, 1], "texture": "#0"},
				"south": {"uv": [1.5, 0.5, 2, 1], "texture": "#0"},
				"west": {"uv": [1, 0.5, 1.5, 1], "texture": "#0"},
				"up": {"uv": [1, 0.5, 0.5, 0], "texture": "#0"},
				"down": {"uv": [1.5, 0, 1, 0.5], "texture": "#0"}
			}
		},
		{
			"from": [8.75, 2.75, 12.75],
			"to": [11.25, 5.25, 15.25],
			"faces": {
				"north": {"uv": [0.5, 0.5, 1, 1], "texture": "#0"},
				"east": {"uv": [0, 0.5, 0.5, 1], "texture": "#0"},
				"south": {"uv": [1.5, 0.5, 2, 1], "texture": "#0"},
				"west": {"uv": [1, 0.5, 1.5, 1], "texture": "#0"},
				"up": {"uv": [1, 0.5, 0.5, 0], "texture": "#0"},
				"down": {"uv": [1.5, 0, 1, 0.5], "texture": "#0"}
			}
		},
		{
			"from": [8.75, 9.75, 12.75],
			"to": [11.25, 12.25, 15.25],
			"faces": {
				"north": {"uv": [0.5, 0.5, 1, 1], "texture": "#0"},
				"east": {"uv": [0, 0.5, 0.5, 1], "texture": "#0"},
				"south": {"uv": [1.5, 0.5, 2, 1], "texture": "#0"},
				"west": {"uv": [1, 0.5, 1.5, 1], "texture": "#0"},
				"up": {"uv": [1, 0.5, 0.5, 0], "texture": "#0"},
				"down": {"uv": [1.5, 0, 1, 0.5], "texture": "#0"}
			}
		},
		{
			"from": [4.75, 8.75, 13.75],
			"to": [7.25, 11.25, 16.25],
			"faces": {
				"north": {"uv": [0.5, 0.5, 1, 1], "texture": "#0"},
				"east": {"uv": [0, 0.5, 0.5, 1], "texture": "#0"},
				"south": {"uv": [1.5, 0.5, 2, 1], "texture": "#0"},
				"west": {"uv": [1, 0.5, 1.5, 1], "texture": "#0"},
				"up": {"uv": [1, 0.5, 0.5, 0], "texture": "#0"},
				"down": {"uv": [1.5, 0, 1, 0.5], "texture": "#0"}
			}
		},
		{
			"from": [4.75, 3.75, 13.75],
			"to": [7.25, 6.25, 16.25],
			"faces": {
				"north": {"uv": [0.5, 0.5, 1, 1], "texture": "#0"},
				"east": {"uv": [0, 0.5, 0.5, 1], "texture": "#0"},
				"south": {"uv": [1.5, 0.5, 2, 1], "texture": "#0"},
				"west": {"uv": [1, 0.5, 1.5, 1], "texture": "#0"},
				"up": {"uv": [1, 0.5, 0.5, 0], "texture": "#0"},
				"down": {"uv": [1.5, 0, 1, 0.5], "texture": "#0"}
			}
		},
		{
			"from": [-0.25, 8.75, 13.75],
			"to": [2.25, 11.25, 16.25],
			"faces": {
				"north": {"uv": [0.5, 0.5, 1, 1], "texture": "#0"},
				"east": {"uv": [0, 0.5, 0.5, 1], "texture": "#0"},
				"south": {"uv": [1.5, 0.5, 2, 1], "texture": "#0"},
				"west": {"uv": [1, 0.5, 1.5, 1], "texture": "#0"},
				"up": {"uv": [1, 0.5, 0.5, 0], "texture": "#0"},
				"down": {"uv": [1.5, 0, 1, 0.5], "texture": "#0"}
			}
		},
		{
			"from": [5.5, 11, 5.5],
			"to": [7.5, 16, 7.5],
			"rotation": {"angle": 0, "axis": "y", "origin": [6.5, 16, 6.5]},
			"faces": {
				"north": {"uv": [0.5, 3.5, 1, 4.75], "texture": "#0"},
				"east": {"uv": [0, 3.5, 0.5, 4.75], "texture": "#0"},
				"south": {"uv": [1.5, 3.5, 2, 4.75], "texture": "#0"},
				"west": {"uv": [1, 3.5, 1.5, 4.75], "texture": "#0"},
				"up": {"uv": [1, 3.5, 0.5, 3], "texture": "#0"},
				"down": {"uv": [1.5, 3, 1, 3.5], "texture": "#0"}
			}
		},
		{
			"from": [0, 4, 14],
			"to": [2, 9, 16],
			"rotation": {"angle": 0, "axis": "x", "origin": [1, 4, 15]},
			"faces": {
				"north": {"uv": [0.5, 3.5, 1, 4.75], "texture": "#0"},
				"east": {"uv": [0, 3.5, 0.5, 4.75], "texture": "#0"},
				"south": {"uv": [1.5, 3.5, 2, 4.75], "texture": "#0"},
				"west": {"uv": [1, 3.5, 1.5, 4.75], "texture": "#0"},
				"up": {"uv": [1, 3.5, 0.5, 3], "texture": "#0"},
				"down": {"uv": [1.5, 3, 1, 3.5], "texture": "#0"}
			}
		},
		{
			"from": [4.5, 16, 7.5],
			"to": [8.5, 20, 7.5],
			"rotation": {"angle": 0, "axis": "y", "origin": [6.5, 16, 6.5]},
			"faces": {
				"north": {"uv": [0, 0, 8, 8], "texture": "#1"},
				"south": {"uv": [0, 0, 8, 8], "texture": "#1"},
				"up": {"uv": [8, 0, 0, 0], "texture": "#1"},
				"down": {"uv": [9, 0, 1, 0], "texture": "#1"}
			}
		},
		{
			"from": [7.5, 16, 4.5],
			"to": [7.5, 20, 8.5],
			"rotation": {"angle": 0, "axis": "y", "origin": [6.5, 16, 6.5]},
			"faces": {
				"east": {"uv": [0, 0, 8, 8], "texture": "#1"},
				"west": {"uv": [0, 0, 8, 8], "texture": "#1"}
			}
		},
		{
			"from": [4.5, 16, 5.5],
			"to": [8.5, 20, 5.5],
			"rotation": {"angle": 0, "axis": "y", "origin": [6.5, 16, 6.5]},
			"faces": {
				"north": {"uv": [0, 0, 8, 8], "texture": "#1"},
				"south": {"uv": [0, 0, 8, 8], "texture": "#1"}
			}
		},
		{
			"from": [5.5, 16, 4.5],
			"to": [5.5, 20, 8.5],
			"rotation": {"angle": 0, "axis": "y", "origin": [6.5, 16, 6.5]},
			"faces": {
				"east": {"uv": [0, 0, 8, 8], "texture": "#1"},
				"west": {"uv": [0, 0, 8, 8], "texture": "#1"}
			}
		},
		{
			"from": [9.5, 8, 3.5],
			"to": [13.5, 12, 3.5],
			"rotation": {"angle": 0, "axis": "y", "origin": [11.5, 8, 4.5]},
			"faces": {
				"north": {"uv": [8, 0, 16, 8], "texture": "#1"},
				"south": {"uv": [8, 0, 16, 8], "texture": "#1"}
			}
		},
		{
			"from": [10.5, 8, 2.5],
			"to": [10.5, 12, 6.5],
			"rotation": {"angle": 0, "axis": "y", "origin": [11.5, 8, 4.5]},
			"faces": {
				"east": {"uv": [8, 0, 16, 8], "texture": "#1"},
				"west": {"uv": [8, 0, 16, 8], "texture": "#1"}
			}
		},
		{
			"from": [9.5, 8, 5.5],
			"to": [13.5, 12, 5.5],
			"rotation": {"angle": 0, "axis": "y", "origin": [11.5, 8, 4.5]},
			"faces": {
				"north": {"uv": [8, 0, 16, 8], "texture": "#1"},
				"south": {"uv": [8, 0, 16, 8], "texture": "#1"}
			}
		},
		{
			"from": [12.5, 8, 2.5],
			"to": [12.5, 12, 6.5],
			"rotation": {"angle": 0, "axis": "y", "origin": [11.5, 8, 4.5]},
			"faces": {
				"east": {"uv": [8, 0, 16, 8], "texture": "#1"},
				"west": {"uv": [8, 0, 16, 8], "texture": "#1"}
			}
		},
		{
			"from": [-1, 0, 14],
			"to": [3, 4, 14],
			"rotation": {"angle": 0, "axis": "x", "origin": [1, 3, 15]},
			"faces": {
				"north": {"uv": [8, 8, 16, 0], "texture": "#1"},
				"south": {"uv": [8, 8, 16, 0], "texture": "#1"}
			}
		},
		{
			"from": [-1, 0, 16],
			"to": [3, 4, 16],
			"rotation": {"angle": 0, "axis": "x", "origin": [1, 3, 15]},
			"faces": {
				"north": {"uv": [8, 8, 16, 0], "texture": "#1"},
				"south": {"uv": [8, 8, 16, 0], "texture": "#1"}
			}
		},
		{
			"from": [0, 0, 13],
			"to": [0, 4, 17],
			"rotation": {"angle": 0, "axis": "x", "origin": [1, 3, 15]},
			"faces": {
				"east": {"uv": [16, 8, 8, 0], "texture": "#1"},
				"west": {"uv": [8, 8, 16, 0], "texture": "#1"}
			}
		},
		{
			"from": [2, 0, 13],
			"to": [2, 4, 17],
			"rotation": {"angle": 0, "axis": "x", "origin": [1, 3, 15]},
			"faces": {
				"east": {"uv": [16, 8, 8, 0], "texture": "#1"},
				"west": {"uv": [8, 8, 16, 0], "texture": "#1"}
			}
		},
		{
			"from": [1.5, 4.5, 4],
			"to": [2.5, 5.5, 6],
			"rotation": {"angle": 0, "axis": "y", "origin": [2, 5, 5]},
			"faces": {
				"east": {"uv": [2.25, 4, 2.5, 4.5], "rotation": 90, "texture": "#0"},
				"west": {"uv": [2.25, 4, 2.5, 4.5], "rotation": 90, "texture": "#0"},
				"up": {"uv": [2.5, 4.5, 2.25, 4], "texture": "#0"},
				"down": {"uv": [2.5, 4, 2.25, 4.5], "texture": "#0"}
			}
		},
		{
			"from": [5.5, 11, 14.5],
			"to": [6.5, 13, 15.5],
			"faces": {
				"north": {"uv": [2.25, 4, 2.5, 4.5], "texture": "#0"},
				"east": {"uv": [2.25, 4, 2.5, 4.5], "texture": "#0"},
				"south": {"uv": [2.25, 4, 2.5, 4.5], "texture": "#0"},
				"west": {"uv": [2.25, 4, 2.5, 4.5], "texture": "#0"}
			}
		},
		{
			"from": [11, 3.5, 13.5],
			"to": [14, 4.5, 14.5],
			"faces": {
				"north": {"uv": [2.25, 4, 2.5, 4.75], "rotation": 90, "texture": "#0"},
				"south": {"uv": [2.25, 4, 2.5, 4.75], "rotation": 90, "texture": "#0"},
				"up": {"uv": [2.5, 4.75, 2.25, 4], "rotation": 90, "texture": "#0"},
				"down": {"uv": [2.25, 4.75, 2.5, 4], "rotation": 90, "texture": "#0"}
			}
		},
		{
			"from": [14, 2.5, 12.5],
			"to": [15, 5.5, 15.5],
			"rotation": {"angle": -45, "axis": "x", "origin": [14.5, 4, 14]},
			"faces": {
				"north": {"uv": [3.25, 4, 3.5, 4.75], "texture": "#0"},
				"east": {"uv": [2.5, 4, 3.25, 4.75], "texture": "#0"},
				"south": {"uv": [3.25, 4, 3.5, 4.75], "texture": "#0"},
				"west": {"uv": [2.5, 4, 3.25, 4.75], "texture": "#0"},
				"up": {"uv": [3.5, 4.75, 3.25, 4], "texture": "#0"},
				"down": {"uv": [3.5, 4, 3.25, 4.75], "texture": "#0"}
			}
		},
		{
			"from": [0.5, 3.5, 3],
			"to": [3.5, 6.5, 4],
			"rotation": {"angle": 45, "axis": "z", "origin": [2, 5, 3.5]},
			"faces": {
				"north": {"uv": [2.5, 4, 3.25, 4.75], "texture": "#0"},
				"east": {"uv": [3.25, 4, 3.5, 4.75], "texture": "#0"},
				"south": {"uv": [2.5, 4, 3.25, 4.75], "texture": "#0"},
				"west": {"uv": [3.25, 4, 3.5, 4.75], "texture": "#0"},
				"up": {"uv": [3.5, 4.75, 3.25, 4], "rotation": 90, "texture": "#0"},
				"down": {"uv": [3.25, 4.75, 3.5, 4], "rotation": 90, "texture": "#0"}
			}
		},
		{
			"from": [4.5, 13, 13.5],
			"to": [7.5, 14, 16.5],
			"rotation": {"angle": 45, "axis": "y", "origin": [6, 13.5, 15]},
			"faces": {
				"north": {"uv": [3.25, 4, 3.5, 4.75], "rotation": 90, "texture": "#0"},
				"east": {"uv": [3.25, 4, 3.5, 4.75], "rotation": 90, "texture": "#0"},
				"south": {"uv": [3.25, 4, 3.5, 4.75], "rotation": 90, "texture": "#0"},
				"west": {"uv": [3.25, 4, 3.5, 4.75], "rotation": 90, "texture": "#0"},
				"up": {"uv": [3.25, 4.75, 2.5, 4], "texture": "#0"},
				"down": {"uv": [3.25, 4, 2.5, 4.75], "texture": "#0"}
			}
		},
		{
			"from": [13.5, 9, 11],
			"to": [14.5, 10, 12],
			"faces": {
				"north": {"uv": [3.5, 4.25, 3.75, 4.5], "texture": "#0"},
				"east": {"uv": [3.5, 4.25, 3.75, 4.5], "texture": "#0"},
				"south": {"uv": [3.5, 4.25, 3.75, 4.5], "texture": "#0"},
				"west": {"uv": [3.5, 4.25, 3.75, 4.5], "texture": "#0"},
				"up": {"uv": [3.75, 4.5, 3.5, 4.25], "texture": "#0"},
				"down": {"uv": [3.75, 4.25, 3.5, 4.5], "texture": "#0"}
			}
		},
		{
			"from": [13.5, 11, 11],
			"to": [14.5, 12, 13],
			"faces": {
				"north": {"uv": [3.5, 4.5, 3.75, 4.75], "texture": "#0"},
				"east": {"uv": [3.5, 4.25, 3.75, 4.75], "rotation": 270, "texture": "#0"},
				"south": {"uv": [3.5, 4.25, 3.75, 4.5], "texture": "#0"},
				"west": {"uv": [3.5, 4.25, 3.75, 4.75], "rotation": 270, "texture": "#0"},
				"up": {"uv": [3.75, 4.75, 3.5, 4.25], "texture": "#0"},
				"down": {"uv": [3.75, 4.25, 3.5, 4.75], "texture": "#0"}
			}
		},
		{
			"from": [3.5, 9, 3.5],
			"to": [5.5, 13, 5.5],
			"faces": {
				"north": {"uv": [3.75, 3.75, 4.25, 4.75], "texture": "#0"},
				"east": {"uv": [3.75, 3.75, 4.25, 4.75], "texture": "#0"},
				"south": {"uv": [3.75, 3.75, 4.25, 4.75], "texture": "#0"},
				"west": {"uv": [3.75, 3.75, 4.25, 4.75], "texture": "#0"},
				"up": {"uv": [4.25, 4.25, 3.75, 3.75], "texture": "#0"},
				"down": {"uv": [4.25, 4.25, 3.75, 4.75], "texture": "#0"}
			}
		},
		{
			"from": [6.5, 9, 3.5],
			"to": [7.5, 11, 4.5],
			"rotation": {"angle": 0, "axis": "y", "origin": [-3, 0, 0]},
			"faces": {
				"north": {"uv": [3.5, 4.25, 3.75, 4.75], "texture": "#0"},
				"east": {"uv": [3.5, 4.25, 3.75, 4.75], "texture": "#0"},
				"south": {"uv": [3.5, 4.25, 3.75, 4.75], "texture": "#0"},
				"west": {"uv": [3.5, 4.25, 3.75, 4.75], "texture": "#0"},
				"up": {"uv": [3.75, 4.5, 3.5, 4.25], "texture": "#0"},
				"down": {"uv": [3.75, 4.5, 3.5, 4.75], "texture": "#0"}
			}
		}
	],
	"display": {
		"thirdperson_righthand": {
			"rotation": [20, 0, 0],
			"translation": [0, 2, -3]
		},
		"thirdperson_lefthand": {
			"rotation": [20, 0, 0],
			"translation": [0, 2, -3]
		},
		"firstperson_righthand": {
			"translation": [3, 0, -5]
		},
		"firstperson_lefthand": {
			"translation": [3, 0, -5]
		},
		"ground": {
			"scale": [0.79, 0.79, 0.79]
		},
		"gui": {
			"rotation": [30, 45, 0],
			"translation": [0, 0.5, 0]
		},
		"head": {
			"translation": [0, 7, 0],
			"scale": [1.6, 1.6, 1.6]
		},
		"fixed": {
			"translation": [0, -2, -5]
		}
	},
	"groups": [
		{
			"name": "base",
			"origin": [0, 0, 0],
			"color": 0,
			"nbt": "{}",
			"armAnimationEnabled": false,
			"children": [0, 1, 2, 3, 4]
		},
		{
			"name": "pipe",
			"origin": [0, 0, 0],
			"color": 0,
			"nbt": "{}",
			"armAnimationEnabled": false,
			"children": [5, 6, 7, 8, 9, 10, 11, 12, 13, 14, 15, 16, 17, 18]
		},
		{
			"name": "pipe_corner",
			"origin": [0, 0, 0],
			"color": 0,
			"nbt": "{}",
			"armAnimationEnabled": false,
			"children": [19, 20, 21, 22, 23, 24, 25, 26, 27, 28]
		},
		{
			"name": "torch_post",
			"origin": [1, 4, 15],
			"color": 0,
			"nbt": "{}",
			"armAnimationEnabled": false,
			"children": [29, 30]
		},
		{
			"name": "torch_flame",
			"origin": [1, 4, 15],
			"color": 0,
			"nbt": "{}",
			"armAnimationEnabled": false,
			"children": [31, 32, 33, 34, 35, 36, 37, 38, 39, 40, 41, 42]
		},
		{
			"name": "knob_axil",
			"origin": [0, 0, 0],
			"color": 0,
			"nbt": "{}",
			"armAnimationEnabled": false,
			"children": [43, 44, 45]
		},
		{
			"name": "knob_handle",
			"origin": [6, 13.5, 15],
			"color": 0,
			"nbt": "{}",
			"armAnimationEnabled": false,
			"children": [46, 47, 48]
		},
		{
			"name": "detail",
			"origin": [0, 0, 0],
			"color": 0,
			"nbt": "{}",
			"armAnimationEnabled": false,
			"children": [49, 50, 51, 52]
		}
	]
}