{
	"credit": "Made with Blockbench",
	"textures": {
		"1": "block/smooth_stone",
		"3": "block/gray_concrete",
		"4": "block/quartz_block_bottom",
		"5": "block/nether_portal",
		"6": "geek/pig_gun",
		"7": "item/porkchop",
		"particle": "entity/pig/pig"
	},
	"elements": [
		{
			"from": [7, 3, -2.25],
			"to": [9, 5, 5.75],
			"rotation": {"angle": 0, "axis": "y", "origin": [16, 11, -1.25]},
			"faces": {
				"north": {"uv": [0, 0, 3, 3], "texture": "#5"},
				"east": {"uv": [0, 0, 16, 3], "texture": "#5"},
				"south": {"uv": [0, 0, 3, 3], "texture": "#5"},
				"west": {"uv": [0, 13, 16, 16], "texture": "#5"},
				"up": {"uv": [3, 16, 0, 0], "texture": "#5"},
				"down": {"uv": [16, 0, 13, 16], "texture": "#5"}
			}
		},
		{
			"from": [5, 1, -5.25],
			"to": [11, 7, -2.25],
			"rotation": {"angle": 0, "axis": "y", "origin": [8, 4, -1.75]},
			"faces": {
				"north": {"uv": [0, 0, 6, 6], "texture": "#4"},
				"east": {"uv": [0, 0, 3, 6], "texture": "#4"},
				"south": {"uv": [0, 0, 6, 6], "texture": "#4"},
				"west": {"uv": [0, 0, 3, 6], "texture": "#4"},
				"up": {"uv": [6, 3, 0, 0], "texture": "#4"},
				"down": {"uv": [6, 0, 0, 3], "texture": "#4"}
			}
		},
		{
			"from": [4.75, 0.75, -4.75],
			"to": [11.25, 7.25, -2.75],
			"rotation": {"angle": 0, "axis": "y", "origin": [8, 4, -1.75]},
			"faces": {
				"north": {"uv": [8.5, 0, 15, 13], "texture": "#6"},
				"east": {"uv": [8.5, 0, 10.5, 13], "texture": "#6"},
				"south": {"uv": [8.5, 0, 15, 13], "texture": "#6"},
				"west": {"uv": [8.5, 0, 10.5, 13], "texture": "#6"},
				"up": {"uv": [15, 4, 8.5, 0], "texture": "#6"},
				"down": {"uv": [15, 0, 8.5, 4], "texture": "#6"}
			}
		},
		{
			"from": [4.5, 0.5, -4.5],
			"to": [11.5, 7.5, -3],
			"rotation": {"angle": 0, "axis": "y", "origin": [8, 4, -1.75]},
			"faces": {
				"north": {"uv": [1.5, 0, 8.5, 14], "texture": "#6"},
				"east": {"uv": [0, 0, 1.5, 14], "texture": "#6"},
				"south": {"uv": [1.5, 0, 8.5, 14], "texture": "#6"},
				"west": {"uv": [0, 0, 1.5, 14], "texture": "#6"},
				"up": {"uv": [1.5, 14, 0, 0], "rotation": 90, "texture": "#6"},
				"down": {"uv": [0, 14, 1.5, 0], "rotation": 90, "texture": "#6"}
			}
		},
		{
			"from": [4, 0, -7.25],
			"to": [12, 8, -5.25],
			"rotation": {"angle": 0, "axis": "y", "origin": [8, 4, -5.75]},
			"faces": {
				"north": {"uv": [0, 0, 8, 8], "texture": "#4"},
				"east": {"uv": [0, 0, 2, 8], "texture": "#4"},
				"south": {"uv": [0, 0, 8, 8], "texture": "#4"},
				"west": {"uv": [0, 0, 2, 8], "texture": "#4"},
				"up": {"uv": [8, 2, 0, 0], "texture": "#4"},
				"down": {"uv": [8, 0, 0, 2], "texture": "#4"}
			}
		},
		{
			"from": [4, 0, -7.75],
			"to": [12, 8, -7.75],
			"rotation": {"angle": 0, "axis": "y", "origin": [8, 4, -5.75]},
			"faces": {
				"north": {"uv": [0, 0, 8, 8], "texture": "#5"},
				"east": {"uv": [0, 0, 2, 8], "texture": "#4"},
				"south": {"uv": [0, 0, 8, 8], "texture": "#4"},
				"west": {"uv": [0, 0, 2, 8], "texture": "#4"},
				"up": {"uv": [8, 2, 0, 0], "texture": "#4"},
				"down": {"uv": [8, 0, 0, 2], "texture": "#4"}
			}
		},
		{
			"from": [12, 0, -8.5],
			"to": [13, 8, -6.5],
			"rotation": {"angle": 0, "axis": "y", "origin": [8, 4, -6]},
			"faces": {
				"north": {"uv": [0, 0, 1, 8], "texture": "#3"},
				"east": {"uv": [0, 0, 2, 8], "texture": "#3"},
				"south": {"uv": [0, 0, 1, 8], "texture": "#3"},
				"west": {"uv": [1.75, 6.75, 4.75, 10.25], "texture": "#4"},
				"up": {"uv": [1, 2, 0, 0], "texture": "#3"},
				"down": {"uv": [1, 0, 0, 2], "texture": "#3"}
			}
		},
		{
			"from": [11.5, 2.5, -6.5],
			"to": [12.5, 5.5, -5.5],
			"rotation": {"angle": 0, "axis": "y", "origin": [8, 4, -4]},
			"faces": {
				"north": {"uv": [0, 0, 1, 3], "texture": "#3"},
				"east": {"uv": [0, 0, 1, 3], "texture": "#3"},
				"south": {"uv": [0, 0, 1, 3], "texture": "#3"},
				"west": {"uv": [1.75, 6.75, 2.75, 9.75], "texture": "#4"},
				"up": {"uv": [1, 1, 0, 0], "texture": "#3"},
				"down": {"uv": [1, 0, 0, 1], "texture": "#3"}
			}
		},
		{
			"from": [11.5, 2.5, -5.5],
			"to": [12.5, 5.5, -3.5],
			"rotation": {"angle": -45, "axis": "y", "origin": [12.5, 4, -5.5]},
			"faces": {
				"north": {"uv": [0, 0, 1, 3], "texture": "#3"},
				"east": {"uv": [0, 0, 2, 3], "texture": "#3"},
				"south": {"uv": [0, 0, 1, 3], "texture": "#3"},
				"west": {"uv": [1.75, 6.75, 3.75, 9.75], "texture": "#4"},
				"up": {"uv": [1, 2, 0, 0], "texture": "#3"},
				"down": {"uv": [1, 0, 0, 2], "texture": "#3"}
			}
		},
		{
			"from": [12.5704, 3, 1.51205],
			"to": [14.5704, 5, 8.51205],
			"rotation": {"angle": -45, "axis": "y", "origin": [15.0704, 4, 1.51205]},
			"faces": {
				"east": {"uv": [1, 1, 8, 3], "texture": "#1"},
				"west": {"uv": [1, 1, 8, 3], "texture": "#1"},
				"up": {"uv": [7, 13, 5, 6], "texture": "#1"},
				"down": {"uv": [7, 6, 5, 13], "texture": "#1"}
			}
		},
		{
			"from": [12.0704, 2.5, 5.51205],
			"to": [15.0704, 5.5, 6.51205],
			"rotation": {"angle": -45, "axis": "y", "origin": [15.0704, 4, 1.51205]},
			"faces": {
				"north": {"uv": [0, 0, 3, 3], "texture": "#3"},
				"east": {"uv": [0, 0, 1, 3], "texture": "#3"},
				"south": {"uv": [0, 0, 3, 3], "texture": "#3"},
				"west": {"uv": [0, 0, 1, 3], "texture": "#3"},
				"up": {"uv": [3, 1, 0, 0], "texture": "#3"},
				"down": {"uv": [3, 0, 0, 1], "texture": "#3"}
			}
		},
		{
			"from": [12.0704, 2.5, 3.51205],
			"to": [15.0704, 5.5, 4.51205],
			"rotation": {"angle": -45, "axis": "y", "origin": [15.0704, 4, 1.51205]},
			"faces": {
				"north": {"uv": [0, 0, 3, 3], "texture": "#3"},
				"east": {"uv": [0, 0, 1, 3], "texture": "#3"},
				"south": {"uv": [0, 0, 3, 3], "texture": "#3"},
				"west": {"uv": [0, 0, 1, 3], "texture": "#3"},
				"up": {"uv": [3, 1, 0, 0], "texture": "#3"},
				"down": {"uv": [3, 0, 0, 1], "texture": "#3"}
			}
		},
		{
			"from": [10, 3, -5.5],
			"to": [12, 5, 1.5],
			"rotation": {"angle": 22.5, "axis": "y", "origin": [12.5, 4, -5.5]},
			"faces": {
				"east": {"uv": [1, 1, 8, 3], "texture": "#1"},
				"west": {"uv": [1, 1, 8, 3], "texture": "#1"},
				"up": {"uv": [7, 6, 5, 13], "texture": "#1"},
				"down": {"uv": [7, 13, 5, 6], "texture": "#1"}
			}
		},
		{
			"from": [3, 0, -8.5],
			"to": [4, 8, -6.5],
			"rotation": {"angle": 0, "axis": "y", "origin": [5, 4, -6]},
			"faces": {
				"north": {"uv": [0, 0, 1, 8], "texture": "#3"},
				"east": {"uv": [0, 6.75, 3, 10.25], "texture": "#4"},
				"south": {"uv": [0, 0, 1, 8], "texture": "#3"},
				"west": {"uv": [0, 0, 2, 8], "texture": "#3"},
				"up": {"uv": [1, 2, 0, 0], "texture": "#3"},
				"down": {"uv": [1, 0, 0, 2], "texture": "#3"}
			}
		},
		{
			"from": [3.5, 2.5, -6.5],
			"to": [4.5, 5.5, -5.5],
			"rotation": {"angle": 0, "axis": "y", "origin": [5.5, 4, -4]},
			"faces": {
				"north": {"uv": [0, 0, 1, 3], "texture": "#3"},
				"east": {"uv": [0, 6.75, 1, 9.75], "texture": "#4"},
				"south": {"uv": [0, 0, 1, 3], "texture": "#3"},
				"west": {"uv": [0, 0, 1, 3], "texture": "#3"},
				"up": {"uv": [1, 1, 0, 0], "texture": "#3"},
				"down": {"uv": [1, 0, 0, 1], "texture": "#3"}
			}
		},
		{
			"from": [3.5, 2.5, -5.5],
			"to": [4.5, 5.5, -3.5],
			"rotation": {"angle": 45, "axis": "y", "origin": [3.5, 4, -5.5]},
			"faces": {
				"north": {"uv": [0, 0, 1, 3], "texture": "#3"},
				"east": {"uv": [0, 6.75, 2, 9.75], "texture": "#4"},
				"south": {"uv": [0, 0, 1, 3], "texture": "#3"},
				"west": {"uv": [0, 0, 2, 3], "texture": "#3"},
				"up": {"uv": [1, 2, 0, 0], "texture": "#3"},
				"down": {"uv": [1, 0, 0, 2], "texture": "#3"}
			}
		},
		{
			"from": [4, 3, -5.5],
			"to": [6, 5, 1.5],
			"rotation": {"angle": -22.5, "axis": "y", "origin": [3.5, 4, -5.5]},
			"faces": {
				"east": {"uv": [1, 1, 8, 3], "texture": "#1"},
				"west": {"uv": [1, 1, 8, 3], "texture": "#1"},
				"up": {"uv": [7, 6, 5, 13], "texture": "#1"},
				"down": {"uv": [7, 13, 5, 6], "texture": "#1"}
			}
		},
		{
			"from": [1.4296, 3, 1.51205],
			"to": [3.4296, 5, 8.51205],
			"rotation": {"angle": 45, "axis": "y", "origin": [0.9296, 4, 1.51205]},
			"faces": {
				"east": {"uv": [1, 1, 8, 3], "texture": "#1"},
				"west": {"uv": [1, 1, 8, 3], "texture": "#1"},
				"up": {"uv": [7, 13, 5, 6], "texture": "#1"},
				"down": {"uv": [7, 6, 5, 13], "texture": "#1"}
			}
		},
		{
			"from": [0.9296, 2.5, 3.51205],
			"to": [3.9296, 5.5, 4.51205],
			"rotation": {"angle": 45, "axis": "y", "origin": [0.9296, 4, 1.51205]},
			"faces": {
				"north": {"uv": [0, 0, 3, 3], "texture": "#3"},
				"east": {"uv": [0, 0, 1, 3], "texture": "#3"},
				"south": {"uv": [0, 0, 3, 3], "texture": "#3"},
				"west": {"uv": [0, 0, 1, 3], "texture": "#3"},
				"up": {"uv": [3, 1, 0, 0], "texture": "#3"},
				"down": {"uv": [3, 0, 0, 1], "texture": "#3"}
			}
		},
		{
			"from": [0.9296, 2.5, 5.51205],
			"to": [3.9296, 5.5, 6.51205],
			"rotation": {"angle": 45, "axis": "y", "origin": [0.9296, 4, 1.51205]},
			"faces": {
				"north": {"uv": [0, 0, 3, 3], "texture": "#3"},
				"east": {"uv": [0, 0, 1, 3], "texture": "#3"},
				"south": {"uv": [0, 0, 3, 3], "texture": "#3"},
				"west": {"uv": [0, 0, 1, 3], "texture": "#3"},
				"up": {"uv": [3, 1, 0, 0], "texture": "#3"},
				"down": {"uv": [3, 0, 0, 1], "texture": "#3"}
			}
		},
		{
			"from": [3, 8, -8.5],
			"to": [13, 9, -6.5],
			"rotation": {"angle": 0, "axis": "y", "origin": [5, 4, -6]},
			"faces": {
				"north": {"uv": [0, 0, 10, 1], "texture": "#3"},
				"east": {"uv": [0, 0, 2, 1], "texture": "#3"},
				"south": {"uv": [0, 0, 10, 1], "texture": "#3"},
				"west": {"uv": [0, 0, 2, 1], "texture": "#3"},
				"up": {"uv": [10, 2, 0, 0], "texture": "#3"},
				"down": {"uv": [11.75, 6, 1.75, 8], "texture": "#4"}
			}
		},
		{
			"from": [6.5, 7.5, -6.5],
			"to": [9.5, 8.5, -5.5],
			"rotation": {"angle": 0, "axis": "x", "origin": [8, 8.5, -5.5]},
			"faces": {
				"north": {"uv": [0, 0, 3, 1], "texture": "#3"},
				"east": {"uv": [0, 0, 1, 1], "texture": "#3"},
				"south": {"uv": [0, 0, 3, 1], "texture": "#3"},
				"west": {"uv": [0, 0, 1, 1], "texture": "#3"},
				"up": {"uv": [3, 1, 0, 0], "texture": "#3"},
				"down": {"uv": [4.75, 6, 1.75, 7], "texture": "#4"}
			}
		},
		{
			"from": [6.5, 7.5, -5.5],
			"to": [9.5, 8.5, -3.5],
			"rotation": {"angle": 45, "axis": "x", "origin": [8, 8.5, -5.5]},
			"faces": {
				"north": {"uv": [0, 0, 3, 1], "texture": "#3"},
				"east": {"uv": [0, 0, 2, 1], "texture": "#3"},
				"south": {"uv": [0, 0, 3, 1], "texture": "#3"},
				"west": {"uv": [0, 0, 2, 1], "texture": "#3"},
				"up": {"uv": [3, 2, 0, 0], "texture": "#3"},
				"down": {"uv": [4.75, 6, 1.75, 8], "texture": "#4"}
			}
		},
		{
			"from": [7, 6, -5.5],
			"to": [9, 8, 1.5],
			"rotation": {"angle": -22.5, "axis": "x", "origin": [8, 8.5, -5.5]},
			"faces": {
				"east": {"uv": [5, 11, 12, 13], "texture": "#1"},
				"west": {"uv": [12, 11, 5, 13], "texture": "#1"},
				"up": {"uv": [3, 8, 1, 1], "texture": "#1"},
				"down": {"uv": [3, 1, 1, 8], "texture": "#1"}
			}
		},
		{
			"from": [7, 6.81519, -0.25051],
			"to": [9, 8.81519, 6.74949],
			"rotation": {"angle": 45, "axis": "x", "origin": [8, 8.06519, 2.74949]},
			"faces": {
				"east": {"uv": [12, 11, 5, 13], "texture": "#1"},
				"west": {"uv": [5, 11, 12, 13], "texture": "#1"},
				"up": {"uv": [1, 1, 3, 8], "texture": "#1"},
				"down": {"uv": [1, 1, 3, 8], "texture": "#1"}
			}
		},
		{
			"from": [6.5, 6.31519, 3.74949],
			"to": [9.5, 9.31519, 4.74949],
			"rotation": {"angle": 45, "axis": "x", "origin": [8, 8.06519, 2.74949]},
			"faces": {
				"north": {"uv": [0, 0, 3, 3], "texture": "#3"},
				"east": {"uv": [1, 0, 0, 3], "texture": "#3"},
				"south": {"uv": [0, 0, 3, 3], "texture": "#3"},
				"west": {"uv": [0, 0, 1, 3], "texture": "#3"},
				"up": {"uv": [0, 0, 3, 1], "texture": "#3"},
				"down": {"uv": [0, 0, 3, 1], "texture": "#3"}
			}
		},
		{
			"from": [6.5, 6.31519, 1.74949],
			"to": [9.5, 9.31519, 2.74949],
			"rotation": {"angle": 45, "axis": "x", "origin": [8, 8.06519, 2.74949]},
			"faces": {
				"north": {"uv": [0, 0, 3, 3], "texture": "#3"},
				"east": {"uv": [1, 0, 0, 3], "texture": "#3"},
				"south": {"uv": [0, 0, 3, 3], "texture": "#3"},
				"west": {"uv": [0, 0, 1, 3], "texture": "#3"},
				"up": {"uv": [0, 0, 3, 1], "texture": "#3"},
				"down": {"uv": [0, 0, 3, 1], "texture": "#3"}
			}
		},
		{
			"from": [3, -1, -8.5],
			"to": [13, 0, -6.5],
			"rotation": {"angle": 0, "axis": "y", "origin": [5, 1, -6]},
			"faces": {
				"north": {"uv": [0, 0, 10, 1], "texture": "#3"},
				"east": {"uv": [0, 0, 2, 1], "texture": "#3"},
				"south": {"uv": [0, 0, 10, 1], "texture": "#3"},
				"west": {"uv": [0, 0, 2, 1], "texture": "#3"},
				"up": {"uv": [3.25, 9, 0.75, 6], "texture": "#4"},
				"down": {"uv": [10, 0, 0, 2], "texture": "#3"}
			}
		},
		{
			"from": [6.5, -0.25, -6.5],
			"to": [9.5, 0.75, -5.5],
			"rotation": {"angle": 0, "axis": "y", "origin": [5, 1.75, -4]},
			"faces": {
				"north": {"uv": [0, 0, 3, 1], "texture": "#3"},
				"east": {"uv": [0, 0, 1, 1], "texture": "#3"},
				"south": {"uv": [0, 0, 3, 1], "texture": "#3"},
				"west": {"uv": [0, 0, 1, 1], "texture": "#3"},
				"up": {"uv": [3.75, 7, 0.75, 6], "texture": "#4"},
				"down": {"uv": [3, 0, 0, 1], "texture": "#3"}
			}
		},
		{
			"from": [7, 0.25, -5.5],
			"to": [9, 2.25, 1.5],
			"rotation": {"angle": 22.5, "axis": "x", "origin": [8, -0.25, -5.5]},
			"faces": {
				"east": {"uv": [5, 11, 12, 13], "texture": "#1"},
				"west": {"uv": [12, 11, 5, 13], "texture": "#1"},
				"up": {"uv": [3, 8, 1, 1], "texture": "#1"},
				"down": {"uv": [3, 1, 1, 8], "texture": "#1"}
			}
		},
		{
			"from": [7, -2.3204, 1.51205],
			"to": [9, -0.3204, 8.51205],
			"rotation": {"angle": -45, "axis": "x", "origin": [8, -2.8204, 1.51205]},
			"faces": {
				"east": {"uv": [12, 11, 5, 13], "texture": "#1"},
				"west": {"uv": [5, 11, 12, 13], "texture": "#1"},
				"up": {"uv": [3, 8, 1, 1], "texture": "#1"},
				"down": {"uv": [3, 1, 1, 8], "texture": "#1"}
			}
		},
		{
			"from": [6.5, -2.8204, 5.51205],
			"to": [9.5, 0.1796, 6.51205],
			"rotation": {"angle": -45, "axis": "x", "origin": [8, -2.8204, 1.51205]},
			"faces": {
				"north": {"uv": [0, 0, 3, 3], "texture": "#3"},
				"east": {"uv": [1, 0, 0, 3], "texture": "#3"},
				"south": {"uv": [0, 0, 3, 3], "texture": "#3"},
				"west": {"uv": [0, 0, 1, 3], "texture": "#3"},
				"up": {"uv": [3, 1, 0, 0], "texture": "#3"},
				"down": {"uv": [3, 0, 0, 1], "texture": "#3"}
			}
		},
		{
			"from": [6.5, -2.8204, 3.51205],
			"to": [9.5, 0.1796, 4.51205],
			"rotation": {"angle": -45, "axis": "x", "origin": [8, -2.8204, 1.51205]},
			"faces": {
				"north": {"uv": [0, 0, 3, 3], "texture": "#3"},
				"east": {"uv": [1, 0, 0, 3], "texture": "#3"},
				"south": {"uv": [0, 0, 3, 3], "texture": "#3"},
				"west": {"uv": [0, 0, 1, 3], "texture": "#3"},
				"up": {"uv": [3, 1, 0, 0], "texture": "#3"},
				"down": {"uv": [3, 0, 0, 1], "texture": "#3"}
			}
		},
		{
			"from": [6.5, -0.25, -5.5],
			"to": [9.5, 0.75, -3.5],
			"rotation": {"angle": -45, "axis": "x", "origin": [8, -0.25, -5.5]},
			"faces": {
				"north": {"uv": [0, 0, 3, 1], "texture": "#3"},
				"east": {"uv": [0, 0, 2, 1], "texture": "#3"},
				"south": {"uv": [0, 0, 3, 1], "texture": "#3"},
				"west": {"uv": [0, 0, 2, 1], "texture": "#3"},
				"up": {"uv": [3.75, 8, 0.75, 6], "texture": "#4"},
				"down": {"uv": [3, 0, 0, 2], "texture": "#3"}
			}
		},
		{
			"from": [6, 2, -1.25],
			"to": [10, 6, 1.75],
			"rotation": {"angle": 0, "axis": "y", "origin": [7.75, 4.25, 2.25]},
			"faces": {
				"north": {"uv": [0, 0, 4, 4], "texture": "#4"},
				"east": {"uv": [0, 0, 3, 4], "texture": "#4"},
				"south": {"uv": [0, 0, 4, 4], "texture": "#4"},
				"west": {"uv": [0, 0, 3, 4], "texture": "#4"},
				"up": {"uv": [4, 3, 0, 0], "texture": "#4"},
				"down": {"uv": [4, 0, 0, 3], "texture": "#4"}
			}
		},
		{
			"from": [5.75, 1.75, -0.75],
			"to": [10.25, 6.25, 1.25],
			"rotation": {"angle": 0, "axis": "y", "origin": [7.75, 4.25, 2.25]},
			"faces": {
				"north": {"uv": [8.5, 0, 13, 9], "texture": "#6"},
				"east": {"uv": [8.5, 0, 10.5, 9], "texture": "#6"},
				"south": {"uv": [8.5, 0, 13, 9], "texture": "#6"},
				"west": {"uv": [8.5, 0, 10.5, 9], "texture": "#6"},
				"up": {"uv": [13, 4, 8.5, 0], "texture": "#6"},
				"down": {"uv": [13, 0, 8.5, 4], "texture": "#6"}
			}
		},
		{
			"from": [5.5, 1.5, -0.5],
			"to": [10.5, 6.5, 1],
			"rotation": {"angle": 0, "axis": "y", "origin": [7.75, 4.25, 2.25]},
			"faces": {
				"north": {"uv": [1.5, 0, 6.5, 10], "texture": "#6"},
				"east": {"uv": [0, 0, 1.5, 10], "texture": "#6"},
				"south": {"uv": [1.5, 0, 6.5, 10], "rotation": 90, "texture": "#6"},
				"west": {"uv": [0, 0, 1.5, 10], "texture": "#6"},
				"up": {"uv": [1.5, 10, 0, 0], "rotation": 90, "texture": "#6"},
				"down": {"uv": [0, 10, 1.5, 0], "rotation": 90, "texture": "#6"}
			}
		},
		{
			"from": [6.5, 2.5, 2.75],
			"to": [9.5, 5.5, 5.75],
			"rotation": {"angle": 0, "axis": "y", "origin": [7.75, 4.5, 6.25]},
			"faces": {
				"north": {"uv": [0, 0, 3, 3], "texture": "#4"},
				"east": {"uv": [0, 0, 3, 3], "texture": "#4"},
				"south": {"uv": [0, 0, 3, 3], "texture": "#4"},
				"west": {"uv": [0, 0, 3, 3], "texture": "#4"},
				"up": {"uv": [3, 3, 0, 0], "texture": "#4"},
				"down": {"uv": [3, 0, 0, 3], "texture": "#4"}
			}
		},
		{
			"from": [6.25, 2.25, 3.25],
			"to": [9.75, 5.75, 5.25],
			"rotation": {"angle": 0, "axis": "y", "origin": [7.75, 4.5, 6.25]},
			"faces": {
				"north": {"uv": [8.5, 0, 12, 7], "texture": "#6"},
				"east": {"uv": [8.5, 0, 10.5, 7], "texture": "#6"},
				"south": {"uv": [8.5, 0, 12, 7], "texture": "#6"},
				"west": {"uv": [8.5, 0, 10.5, 7], "texture": "#6"},
				"up": {"uv": [12, 4, 8.5, 0], "texture": "#6"},
				"down": {"uv": [12, 0, 8.5, 4], "texture": "#6"}
			}
		},
		{
			"from": [6, 2, 3.5],
			"to": [10, 6, 5],
			"rotation": {"angle": 0, "axis": "y", "origin": [7.75, 4.5, 6.25]},
			"faces": {
				"north": {"uv": [1.5, 0, 5.5, 8], "texture": "#6"},
				"east": {"uv": [0, 0, 1.5, 8], "texture": "#6"},
				"south": {"uv": [1.5, 0, 5.5, 8], "texture": "#6"},
				"west": {"uv": [0, 0, 1.5, 8], "texture": "#6"},
				"up": {"uv": [1.5, 8, 0, 0], "rotation": 90, "texture": "#6"},
				"down": {"uv": [0, 8, 1.5, 0], "rotation": 90, "texture": "#6"}
			}
		},
		{
			"from": [7.75, 6.25, 7.23077],
			"to": [8.25, 6.75, 9.23077],
			"rotation": {"angle": 45, "axis": "x", "origin": [8, 9.36538, 9.11538]},
			"faces": {
				"north": {"uv": [5, 14, 6, 15], "texture": "#7"},
				"east": {"uv": [9, 14, 5, 15], "texture": "#7"},
				"south": {"uv": [8, 14, 9, 15], "texture": "#7"},
				"west": {"uv": [5, 14, 9, 15], "texture": "#7"},
				"up": {"uv": [0, 0, 1, 4], "rotation": 180, "texture": "#7"},
				"down": {"uv": [5, 14, 9, 15], "rotation": 270, "texture": "#7"}
			}
		},
		{
			"from": [7.75, 6.75, 6.23077],
			"to": [8.25, 7.25, 9.73077],
			"rotation": {"angle": 45, "axis": "x", "origin": [8, 9.36538, 9.11538]},
			"faces": {
				"north": {"uv": [3, 13, 4, 14], "texture": "#7"},
				"east": {"uv": [10, 13, 3, 14], "texture": "#7"},
				"south": {"uv": [9, 13, 10, 14], "texture": "#7"},
				"west": {"uv": [3, 13, 10, 14], "texture": "#7"},
				"up": {"uv": [0, 0, 1, 4], "rotation": 180, "texture": "#7"},
				"down": {"uv": [3, 13, 10, 14], "rotation": 270, "texture": "#7"}
			}
		},
		{
			"from": [7.75, 6.75, 6.23077],
			"to": [8.25, 7.25, 9.73077],
			"rotation": {"angle": 45, "axis": "x", "origin": [8, 9.36538, 9.11538]},
			"faces": {
				"north": {"uv": [0, 0, 1, 1], "texture": "#7"},
				"east": {"uv": [10, 13, 3, 14], "texture": "#7"},
				"south": {"uv": [0, 0, 1, 1], "texture": "#7"},
				"west": {"uv": [3, 13, 10, 14], "texture": "#7"},
				"up": {"uv": [0, 0, 1, 4], "rotation": 180, "texture": "#7"},
				"down": {"uv": [0, 0, 1, 4], "rotation": 180, "texture": "#7"}
			}
		},
		{
			"from": [7.75, 7.25, 6.23077],
			"to": [8.25, 7.75, 10.73077],
			"rotation": {"angle": 45, "axis": "x", "origin": [8, 9.36538, 9.11538]},
			"faces": {
				"north": {"uv": [3, 12, 4, 13], "texture": "#7"},
				"east": {"uv": [12, 12, 3, 13], "texture": "#7"},
				"south": {"uv": [11, 12, 12, 13], "texture": "#7"},
				"west": {"uv": [3, 12, 12, 13], "texture": "#7"},
				"up": {"uv": [0, 0, 1, 4], "rotation": 180, "texture": "#7"},
				"down": {"uv": [3, 12, 12, 13], "rotation": 270, "texture": "#7"}
			}
		},
		{
			"from": [7.75, 7.75, 5.73077],
			"to": [8.25, 8.25, 11.23077],
			"rotation": {"angle": 45, "axis": "x", "origin": [8, 9.36538, 9.11538]},
			"faces": {
				"north": {"uv": [2, 11, 3, 12], "texture": "#7"},
				"east": {"uv": [13, 11, 2, 12], "texture": "#7"},
				"south": {"uv": [12, 11, 13, 12], "texture": "#7"},
				"west": {"uv": [2, 11, 13, 12], "texture": "#7"},
				"up": {"uv": [0, 0, 1, 4], "rotation": 180, "texture": "#7"},
				"down": {"uv": [2, 11, 13, 12], "rotation": 270, "texture": "#7"}
			}
		},
		{
			"from": [7.75, 8.25, 5.73077],
			"to": [8.25, 9.25, 11.73077],
			"rotation": {"angle": 45, "axis": "x", "origin": [8, 9.36538, 9.11538]},
			"faces": {
				"north": {"uv": [2, 9, 3, 11], "texture": "#7"},
				"east": {"uv": [14, 9, 2, 11], "texture": "#7"},
				"south": {"uv": [14, 9, 13, 11], "texture": "#7"},
				"west": {"uv": [2, 9, 14, 11], "texture": "#7"},
				"up": {"uv": [2, 10, 14, 9], "rotation": 270, "texture": "#7"},
				"down": {"uv": [2, 10, 14, 11], "rotation": 270, "texture": "#7"}
			}
		},
		{
			"from": [7.75, 9.25, 6.23077],
			"to": [8.25, 10.25, 12.23077],
			"rotation": {"angle": 45, "axis": "x", "origin": [8, 9.36538, 9.11538]},
			"faces": {
				"north": {"uv": [3, 7, 4, 9], "texture": "#7"},
				"east": {"uv": [15, 7, 3, 9], "texture": "#7"},
				"south": {"uv": [14, 7, 15, 9], "texture": "#7"},
				"west": {"uv": [2, 9, 14, 11], "texture": "#7"},
				"up": {"uv": [2, 9, 14, 10], "rotation": 270, "texture": "#7"},
				"down": {"uv": [3, 8, 15, 9], "rotation": 270, "texture": "#7"}
			}
		},
		{
			"from": [7.75, 10.25, 6.73077],
			"to": [8.25, 10.75, 12.23077],
			"rotation": {"angle": 45, "axis": "x", "origin": [8, 9.36538, 9.11538]},
			"faces": {
				"north": {"uv": [4, 6, 5, 7], "texture": "#7"},
				"east": {"uv": [15, 6, 4, 7], "texture": "#7"},
				"south": {"uv": [14, 6, 15, 7], "texture": "#7"},
				"west": {"uv": [4, 6, 15, 7], "texture": "#7"},
				"up": {"uv": [15, 6, 4, 7], "rotation": 270, "texture": "#7"},
				"down": {"uv": [0, 0, 1, 4], "rotation": 180, "texture": "#7"}
			}
		},
		{
			"from": [7.75, 10.75, 7.73077],
			"to": [8.25, 11.25, 12.23077],
			"rotation": {"angle": 45, "axis": "x", "origin": [8, 9.36538, 9.11538]},
			"faces": {
				"north": {"uv": [6, 5, 7, 6], "texture": "#7"},
				"east": {"uv": [15, 5, 6, 6], "texture": "#7"},
				"south": {"uv": [14, 5, 15, 6], "texture": "#7"},
				"west": {"uv": [6, 5, 15, 6], "texture": "#7"},
				"up": {"uv": [6, 5, 15, 6], "rotation": 270, "texture": "#7"},
				"down": {"uv": [0, 0, 1, 4], "rotation": 180, "texture": "#7"}
			}
		},
		{
			"from": [7.75, 11.25, 8.23077],
			"to": [8.25, 11.75, 12.23077],
			"rotation": {"angle": 45, "axis": "x", "origin": [8, 9.36538, 9.11538]},
			"faces": {
				"north": {"uv": [7, 4, 8, 5], "texture": "#7"},
				"east": {"uv": [15, 4, 7, 5], "texture": "#7"},
				"south": {"uv": [14, 4, 15, 5], "texture": "#7"},
				"west": {"uv": [7, 4, 15, 5], "texture": "#7"},
				"up": {"uv": [7, 4, 15, 5], "rotation": 270, "texture": "#7"},
				"down": {"uv": [0, 0, 1, 4], "rotation": 180, "texture": "#7"}
			}
		},
		{
			"from": [7.75, 11.75, 8.73077],
			"to": [8.25, 12.25, 11.73077],
			"rotation": {"angle": 45, "axis": "x", "origin": [8, 9.36538, 9.11538]},
			"faces": {
				"north": {"uv": [8, 3, 9, 4], "texture": "#7"},
				"east": {"uv": [14, 3, 8, 4], "texture": "#7"},
				"south": {"uv": [13, 3, 14, 4], "texture": "#7"},
				"west": {"uv": [8, 3, 14, 4], "texture": "#7"},
				"up": {"uv": [8, 3, 14, 4], "rotation": 270, "texture": "#7"},
				"down": {"uv": [0, 0, 1, 4], "rotation": 180, "texture": "#7"}
			}
		},
		{
			"from": [7.75, 12.25, 9.23077],
			"to": [8.25, 12.75, 11.23077],
			"rotation": {"angle": 45, "axis": "x", "origin": [8, 9.36538, 9.11538]},
			"faces": {
				"north": {"uv": [9, 2, 10, 3], "texture": "#7"},
				"east": {"uv": [13, 2, 9, 3], "texture": "#7"},
				"south": {"uv": [12, 2, 13, 3], "texture": "#7"},
				"west": {"uv": [9, 2, 13, 3], "texture": "#7"},
				"up": {"uv": [9, 2, 13, 3], "rotation": 270, "texture": "#7"},
				"down": {"uv": [0, 0, 1, 4], "rotation": 180, "texture": "#7"}
			}
		},
		{
			"from": [7.75, 9.25, 6.23077],
			"to": [8.25, 10.25, 12.23077],
			"rotation": {"angle": 45, "axis": "x", "origin": [8, 9.36538, 9.11538]},
			"faces": {
				"north": {"uv": [0, 0, 1, 1], "texture": "#7"},
				"east": {"uv": [0, 1, 4, 2], "texture": "#7"},
				"south": {"uv": [0, 0, 1, 1], "texture": "#7"},
				"west": {"uv": [3, 7, 15, 9], "texture": "#7"},
				"up": {"uv": [0, 0, 1, 4], "rotation": 180, "texture": "#7"},
				"down": {"uv": [0, 0, 1, 4], "rotation": 180, "texture": "#7"}
			}
		},
		{
			"from": [5.5, 3.25, 7.5],
			"to": [6, 3.5, 11.5],
			"rotation": {"angle": 0, "axis": "y", "origin": [11.5, 9.5, 8.5]},
			"faces": {
				"north": {"uv": [0, 0, 0.5, 0.25], "texture": "#6"},
				"east": {"uv": [10, 8, 14, 8.25], "texture": "#6"},
				"south": {"uv": [0, 0, 0.5, 0.25], "texture": "#6"},
				"west": {"uv": [0, 0, 0.25, 4], "rotation": 90, "texture": "#6"},
				"up": {"uv": [0, 0, 0.5, 4], "texture": "#6"},
				"down": {"uv": [0, 0, 0.5, 4], "texture": "#6"}
			}
		},
		{
			"from": [10, 3.25, 7.5],
			"to": [10.5, 3.5, 11.5],
			"rotation": {"angle": 0, "axis": "y", "origin": [16, 9.5, 8.5]},
			"faces": {
				"north": {"uv": [0, 0, 1, 0], "texture": "#6"},
				"east": {"uv": [0, 0, 0.25, 4], "rotation": 90, "texture": "#6"},
				"south": {"uv": [0, 0, 1, 0], "texture": "#6"},
				"west": {"uv": [10, 8, 14, 8.25], "texture": "#6"},
				"up": {"uv": [0, 0, 0.5, 4], "texture": "#6"},
				"down": {"uv": [0, 0, 0.5, 4], "texture": "#6"}
			}
		},
		{
			"from": [5.5, 3.25, 11.75],
			"to": [6, 3.5, 13.5],
			"rotation": {"angle": 0, "axis": "y", "origin": [11.5, 9.5, 10.5]},
			"faces": {
				"north": {"uv": [0, 0, 0.5, 0.25], "texture": "#6"},
				"east": {"uv": [10, 8, 11.75, 8.25], "texture": "#6"},
				"south": {"uv": [0, 0, 0.5, 0.25], "texture": "#6"},
				"west": {"uv": [0, 0, 0.25, 1.75], "rotation": 90, "texture": "#6"},
				"up": {"uv": [0, 0, 0.5, 1.75], "texture": "#6"},
				"down": {"uv": [0, 0, 0.5, 1.75], "texture": "#6"}
			}
		},
		{
			"from": [10, 3.25, 11.75],
			"to": [10.5, 3.5, 13.5],
			"rotation": {"angle": 0, "axis": "y", "origin": [16, 9.5, 10.5]},
			"faces": {
				"north": {"uv": [0, 0, 1, 0], "texture": "#6"},
				"east": {"uv": [0, 0, 0.25, 1.75], "rotation": 90, "texture": "#6"},
				"south": {"uv": [0, 0, 1, 0], "texture": "#6"},
				"west": {"uv": [10, 8, 11.75, 8.25], "texture": "#6"},
				"up": {"uv": [0, 0, 0.5, 1.75], "texture": "#6"},
				"down": {"uv": [0, 0, 0.5, 1.75], "texture": "#6"}
			}
		},
		{
			"from": [5.5, 2.75, 7.5],
			"to": [6, 3, 9.25],
			"rotation": {"angle": 0, "axis": "y", "origin": [11.5, 9, 6.25]},
			"faces": {
				"north": {"uv": [0, 0, 0.5, 0.25], "texture": "#6"},
				"east": {"uv": [10, 8, 11.75, 8.25], "texture": "#6"},
				"south": {"uv": [0, 0, 0.5, 0.25], "texture": "#6"},
				"west": {"uv": [0, 0, 0.25, 1.75], "rotation": 90, "texture": "#6"},
				"up": {"uv": [0, 0, 0.5, 1.75], "texture": "#6"},
				"down": {"uv": [0, 0, 0.5, 1.75], "texture": "#6"}
			}
		},
		{
			"from": [10, 2.75, 7.5],
			"to": [10.5, 3, 9.25],
			"rotation": {"angle": 0, "axis": "y", "origin": [16, 9, 6.25]},
			"faces": {
				"north": {"uv": [0, 0, 1, 0], "texture": "#6"},
				"east": {"uv": [0, 0, 0.25, 1.75], "rotation": 90, "texture": "#6"},
				"south": {"uv": [0, 0, 1, 0], "texture": "#6"},
				"west": {"uv": [10, 8, 11.75, 8.25], "texture": "#6"},
				"up": {"uv": [0, 0, 0.5, 1.75], "texture": "#6"},
				"down": {"uv": [0, 0, 0.5, 1.75], "texture": "#6"}
			}
		},
		{
			"from": [5.5, 2.75, 9.5],
			"to": [6, 3, 13.5],
			"rotation": {"angle": 0, "axis": "y", "origin": [11.5, 9, 8.5]},
			"faces": {
				"north": {"uv": [0, 0, 0.5, 0.25], "texture": "#6"},
				"east": {"uv": [10, 8, 14, 8.25], "texture": "#6"},
				"south": {"uv": [0, 0, 0.5, 0.25], "texture": "#6"},
				"west": {"uv": [0, 0, 0.25, 4], "rotation": 90, "texture": "#6"},
				"up": {"uv": [0, 0, 0.5, 4], "texture": "#6"},
				"down": {"uv": [0, 0, 0.5, 4], "texture": "#6"}
			}
		},
		{
			"from": [10, 2.75, 9.5],
			"to": [10.5, 3, 13.5],
			"rotation": {"angle": 0, "axis": "y", "origin": [16, 9, 8.5]},
			"faces": {
				"north": {"uv": [0, 0, 1, 0], "texture": "#6"},
				"east": {"uv": [0, 0, 0.25, 4], "rotation": 90, "texture": "#6"},
				"south": {"uv": [0, 0, 1, 0], "texture": "#6"},
				"west": {"uv": [10, 8, 14, 8.25], "texture": "#6"},
				"up": {"uv": [0, 0, 0.5, 4], "texture": "#6"},
				"down": {"uv": [0, 0, 0.5, 4], "texture": "#6"}
			}
		},
		{
			"from": [5.75, 2.5, 7.25],
			"to": [6.75, 3.75, 13.75],
			"rotation": {"angle": 0, "axis": "y", "origin": [11.5, 9.75, 8.5]},
			"faces": {
				"north": {"uv": [8.5, 0, 9.5, 2.5], "texture": "#6"},
				"east": {"uv": [18.5, 22.5, 25, 25], "texture": "#6"},
				"south": {"uv": [8.5, 2.5, 9.5, 0], "texture": "#6"},
				"west": {"uv": [8.5, 0, 15, 2.5], "texture": "#6"},
				"up": {"uv": [8.5, 0, 9.5, 13], "texture": "#6"},
				"down": {"uv": [8.5, 0, 9.5, 13], "texture": "#6"}
			}
		},
		{
			"from": [9.25, 2.5, 7.25],
			"to": [10.25, 3.75, 13.75],
			"rotation": {"angle": 0, "axis": "y", "origin": [15.75, 9.75, 8.5]},
			"faces": {
				"north": {"uv": [8.5, 0, 9.5, 2.5], "texture": "#6"},
				"east": {"uv": [8.5, 0, 15, 2.5], "texture": "#6"},
				"south": {"uv": [8.5, 0, 9.5, 2.5], "texture": "#6"},
				"west": {"uv": [18.5, 22.5, 25, 25], "texture": "#6"},
				"up": {"uv": [8.5, 0, 9.5, 13], "texture": "#6"},
				"down": {"uv": [8.5, 0, 9.5, 13], "texture": "#6"}
			}
		},
		{
			"from": [5.75, 4.25, 10.75],
			"to": [10.25, 6.25, 11.75],
			"rotation": {"angle": 0, "axis": "y", "origin": [11.5, 11.25, 8.75]},
			"faces": {
				"north": {"uv": [0, 0, 4.5, 2], "texture": "#3"},
				"east": {"uv": [0, 0, 1, 2], "texture": "#3"},
				"south": {"uv": [0, 0, 4.5, 2], "texture": "#3"},
				"west": {"uv": [0, 0, 1, 2], "texture": "#3"},
				"up": {"uv": [0, 0, 4.5, 1], "texture": "#3"},
				"down": {"uv": [0, 0, 4.5, 1], "texture": "#3"}
			}
		},
		{
			"from": [5.75, 4.25, 10.75],
			"to": [10.25, 6.25, 11.75],
			"rotation": {"angle": 0, "axis": "y", "origin": [11.5, 11.25, 8.75]},
			"faces": {
				"north": {"uv": [0, 0, 4.5, 2], "texture": "#3"},
				"east": {"uv": [0, 0, 1, 2], "texture": "#3"},
				"south": {"uv": [0, 0, 4.5, 2], "texture": "#3"},
				"west": {"uv": [0, 0, 1, 2], "texture": "#3"},
				"up": {"uv": [0, 0, 4.5, 1], "texture": "#3"},
				"down": {"uv": [0, 0, 4.5, 1], "texture": "#3"}
			}
		},
		{
			"from": [5.75, 4.25, 12.25],
			"to": [10.25, 6.25, 13.25],
			"rotation": {"angle": 0, "axis": "y", "origin": [11.5, 11.25, 10.25]},
			"faces": {
				"north": {"uv": [0, 0, 4.5, 2], "texture": "#3"},
				"east": {"uv": [0, 0, 1, 2], "texture": "#3"},
				"south": {"uv": [0, 0, 4.5, 2], "texture": "#3"},
				"west": {"uv": [0, 0, 1, 2], "texture": "#3"},
				"up": {"uv": [0, 0, 4.5, 1], "texture": "#3"},
				"down": {"uv": [0, 0, 4.5, 1], "texture": "#3"}
			}
		},
		{
			"from": [5.75, 1.75, 15.5],
			"to": [10.25, 6.25, 17],
			"rotation": {"angle": 0, "axis": "y", "origin": [16, 5.75, 17.25]},
			"faces": {
				"north": {"uv": [8.5, 0, 13, 9], "texture": "#6"},
				"east": {"uv": [8.5, 0, 10, 9], "texture": "#6"},
				"south": {"uv": [8.5, 0, 13, 9], "texture": "#6"},
				"west": {"uv": [8.5, 0, 10, 9], "texture": "#6"},
				"up": {"uv": [13, 3, 8.5, 0], "texture": "#6"},
				"down": {"uv": [13, 0, 8.5, 3], "texture": "#6"}
			}
		},
		{
			"from": [5.5, 1.5, 15.75],
			"to": [10.5, 6.5, 16.75],
			"rotation": {"angle": 0, "axis": "y", "origin": [16, 5.75, 17.25]},
			"faces": {
				"north": {"uv": [1.5, 0, 6.5, 10], "texture": "#6"},
				"east": {"uv": [0, 0, 1, 10], "texture": "#6"},
				"south": {"uv": [1.5, 0, 6.5, 10], "texture": "#6"},
				"west": {"uv": [0, 0, 1, 10], "texture": "#6"},
				"up": {"uv": [1, 10, 0, 0], "rotation": 90, "texture": "#6"},
				"down": {"uv": [1, 0, 0, 10], "rotation": 90, "texture": "#6"}
			}
		},
		{
			"from": [6.25, 2.25, 18.5],
			"to": [9.75, 5.75, 20],
			"rotation": {"angle": 0, "axis": "y", "origin": [16, 5.75, 20.25]},
			"faces": {
				"north": {"uv": [8.5, 0, 12, 7], "texture": "#6"},
				"east": {"uv": [8.5, 0, 10, 7], "texture": "#6"},
				"south": {"uv": [8.5, 0, 12, 7], "texture": "#6"},
				"west": {"uv": [8.5, 0, 10, 7], "texture": "#6"},
				"up": {"uv": [12, 3, 8.5, 0], "texture": "#6"},
				"down": {"uv": [12, 0, 8.5, 3], "texture": "#6"}
			}
		},
		{
			"from": [6, 2, 18.75],
			"to": [10, 6, 19.75],
			"rotation": {"angle": 0, "axis": "y", "origin": [16, 5.75, 20.25]},
			"faces": {
				"north": {"uv": [1.5, 0, 5.5, 8], "texture": "#6"},
				"east": {"uv": [0, 0, 1, 8], "texture": "#6"},
				"south": {"uv": [1.5, 0, 5.5, 8], "texture": "#6"},
				"west": {"uv": [0, 0, 1, 8], "texture": "#6"},
				"up": {"uv": [1, 8, 0, 0], "rotation": 90, "texture": "#6"},
				"down": {"uv": [1, 0, 0, 8], "rotation": 90, "texture": "#6"}
			}
		},
		{
			"from": [7, -1, 7],
			"to": [9, 5, 9],
			"rotation": {"angle": -22.5, "axis": "x", "origin": [9, 5, 9]},
			"faces": {
				"north": {"uv": [0, 0, 2, 6], "texture": "#3"},
				"east": {"uv": [0, 0, 2, 6], "texture": "#3"},
				"south": {"uv": [0, 0, 2, 6], "texture": "#3"},
				"west": {"uv": [0, 0, 2, 6], "texture": "#3"},
				"up": {"uv": [4.5, 8, 2.5, 6], "texture": "#3"},
				"down": {"uv": [2, 0, 0, 2], "texture": "#3"}
			}
		},
		{
			"from": [6, 2, 15],
			"to": [10, 6, 17.5],
			"rotation": {"angle": 0, "axis": "y", "origin": [16, 11, 17]},
			"faces": {
				"north": {"uv": [0, 0, 4, 4], "texture": "#4"},
				"east": {"uv": [0, 0, 2.5, 4], "texture": "#4"},
				"south": {"uv": [0, 0, 4, 4], "texture": "#4"},
				"west": {"uv": [0, 0, 2.5, 4], "texture": "#4"},
				"up": {"uv": [4, 2.5, 0, 0], "texture": "#4"},
				"down": {"uv": [4, 0, 0, 2.5], "texture": "#4"}
			}
		},
		{
			"from": [7, 1.5, 20.75],
			"to": [9, 6.5, 22.25],
			"rotation": {"angle": 0, "axis": "y", "origin": [16, 11, 22.5]},
			"faces": {
				"north": {"uv": [0, 0, 2, 5], "texture": "#4"},
				"east": {"uv": [0, 0, 1.5, 5], "texture": "#4"},
				"south": {"uv": [0, 0, 2, 5], "texture": "#4"},
				"west": {"uv": [0, 0, 1.5, 5], "texture": "#4"},
				"up": {"uv": [2, 1.5, 0, 0], "texture": "#4"},
				"down": {"uv": [2, 0, 0, 1.5], "texture": "#4"}
			}
		},
		{
			"from": [6.75, 1.25, 21],
			"to": [9.25, 6.75, 22],
			"rotation": {"angle": 0, "axis": "y", "origin": [16, 11, 23]},
			"faces": {
				"north": {"uv": [1, 1, 3.5, 6.5], "texture": "#1"},
				"east": {"uv": [1, 1, 2, 6.5], "texture": "#1"},
				"south": {"uv": [1, 1, 3.5, 6.5], "texture": "#1"},
				"west": {"uv": [1, 1, 2, 6.5], "texture": "#1"},
				"up": {"uv": [3.5, 2, 1, 1], "texture": "#1"},
				"down": {"uv": [3.5, 1, 1, 2], "texture": "#1"}
			}
		},
		{
			"from": [10, 5, 8],
			"to": [11, 8, 10],
			"rotation": {"angle": 0, "axis": "z", "origin": [10, 5, 8]},
			"faces": {
				"north": {"uv": [1, 7, 2, 10], "texture": "#1"},
				"east": {"uv": [1, 7, 3, 10], "texture": "#1"},
				"south": {"uv": [1, 7, 2, 10], "texture": "#1"},
				"west": {"uv": [1, 7, 3, 10], "texture": "#1"}
			}
		},
		{
			"from": [5, 5, 8],
			"to": [6, 8, 10],
			"rotation": {"angle": 0, "axis": "z", "origin": [5, 5, 8]},
			"faces": {
				"north": {"uv": [1, 7, 2, 10], "texture": "#1"},
				"east": {"uv": [1, 7, 3, 10], "texture": "#1"},
				"south": {"uv": [1, 7, 2, 10], "texture": "#1"},
				"west": {"uv": [1, 7, 3, 10], "texture": "#1"}
			}
		},
		{
			"from": [5, 8, 8],
			"to": [6, 9.75, 10],
			"rotation": {"angle": -45, "axis": "z", "origin": [5, 8, 8]},
			"faces": {
				"north": {"uv": [1, 6.25, 2, 8], "texture": "#1"},
				"east": {"uv": [1, 6.25, 3, 8], "texture": "#1"},
				"south": {"uv": [1, 6.25, 2, 8], "texture": "#1"},
				"west": {"uv": [1, 6.25, 3, 8], "texture": "#1"},
				"up": {"uv": [3, 8, 1, 7], "rotation": 270, "texture": "#1"}
			}
		},
		{
			"from": [6, 2, 6.5],
			"to": [10, 6, 14.5],
			"rotation": {"angle": 0, "axis": "y", "origin": [16, 11, 8.5]},
			"faces": {
				"north": {"uv": [0, 0, 4, 4], "texture": "#4"},
				"east": {"uv": [1, 0, 9, 4], "texture": "#4"},
				"south": {"uv": [0, 0, 4, 4], "texture": "#4"},
				"west": {"uv": [0, 0, 8, 4], "texture": "#4"},
				"up": {"uv": [4, 8, 0, 0], "texture": "#4"},
				"down": {"uv": [4, 0, 0, 8], "texture": "#4"}
			}
		},
		{
			"from": [5, 5, 8],
			"to": [7, 6, 10],
			"rotation": {"angle": -45, "axis": "z", "origin": [5, 5, 8]},
			"faces": {
				"north": {"uv": [1, 9, 2, 11], "rotation": 90, "texture": "#1"},
				"south": {"uv": [1, 9, 2, 11], "rotation": 90, "texture": "#1"},
				"down": {"uv": [3, 9, 1, 11], "texture": "#1"}
			}
		},
		{
			"from": [9.25, 7, 8],
			"to": [11, 8, 10],
			"rotation": {"angle": -45, "axis": "z", "origin": [11, 8, 8]},
			"faces": {
				"north": {"uv": [1, 6.25, 2, 8], "rotation": 90, "texture": "#1"},
				"south": {"uv": [1, 6.25, 2, 8], "rotation": 270, "texture": "#1"},
				"west": {"uv": [1, 7, 3, 8], "rotation": 180, "texture": "#1"},
				"up": {"uv": [3, 8, 1, 6.25], "rotation": 90, "texture": "#1"}
			}
		},
		{
			"from": [6.25, 8.95, 8.45],
			"to": [9.75, 9.15, 8.65],
			"rotation": {"angle": 0, "axis": "z", "origin": [9, 8.15, 7.95]},
			"faces": {
				"north": {"uv": [2, 9, 2.2, 12.5], "rotation": 90, "texture": "#5"},
				"east": {"uv": [2, 9, 2.2, 9.2], "rotation": 270, "texture": "#5"},
				"south": {"uv": [2.75, 9, 2.95, 12.5], "rotation": 270, "texture": "#5"},
				"west": {"uv": [2.75, 9, 2.95, 9.2], "rotation": 270, "texture": "#5"},
				"up": {"uv": [2.2, 9, 2, 12.5], "rotation": 270, "texture": "#5"},
				"down": {"uv": [2.95, 9, 2.75, 12.5], "rotation": 270, "texture": "#5"}
			}
		},
		{
			"from": [6.25, 8.95, 8.95],
			"to": [9.75, 9.15, 9.15],
			"rotation": {"angle": 0, "axis": "z", "origin": [9, 8.15, 7.95]},
			"faces": {
				"north": {"uv": [2, 9, 2.2, 12.5], "rotation": 90, "texture": "#5"},
				"east": {"uv": [2, 9, 2.2, 9.2], "rotation": 270, "texture": "#5"},
				"south": {"uv": [2.75, 9, 2.95, 12.5], "rotation": 270, "texture": "#5"},
				"west": {"uv": [2.75, 9, 2.95, 9.2], "rotation": 270, "texture": "#5"},
				"up": {"uv": [2.2, 9, 2, 12.5], "rotation": 270, "texture": "#5"},
				"down": {"uv": [2.95, 9, 2.75, 12.5], "rotation": 270, "texture": "#5"}
			}
		},
		{
			"from": [6.25, 8.95, 9.45],
			"to": [9.75, 9.15, 9.65],
			"rotation": {"angle": 0, "axis": "z", "origin": [9, 8.15, 7.95]},
			"faces": {
				"north": {"uv": [2, 9, 2.2, 12.5], "rotation": 90, "texture": "#5"},
				"east": {"uv": [2, 9, 2.2, 9.2], "rotation": 270, "texture": "#5"},
				"south": {"uv": [2.75, 9, 2.95, 12.5], "rotation": 270, "texture": "#5"},
				"west": {"uv": [2.75, 9, 2.95, 9.2], "rotation": 270, "texture": "#5"},
				"up": {"uv": [2.2, 9, 2, 12.5], "rotation": 270, "texture": "#5"},
				"down": {"uv": [2.95, 9, 2.75, 12.5], "rotation": 270, "texture": "#5"}
			}
		},
		{
			"from": [6.25, 8.7, 8.45],
			"to": [9.75, 8.9, 8.65],
			"rotation": {"angle": 0, "axis": "z", "origin": [9, 8.15, 7.95]},
			"faces": {
				"north": {"uv": [2, 9, 2.2, 12.5], "rotation": 90, "texture": "#5"},
				"east": {"uv": [2, 9, 2.2, 9.2], "rotation": 270, "texture": "#5"},
				"south": {"uv": [2.75, 9, 2.95, 12.5], "rotation": 270, "texture": "#5"},
				"west": {"uv": [2.75, 9, 2.95, 9.2], "rotation": 270, "texture": "#5"},
				"up": {"uv": [2.2, 9, 2, 12.5], "rotation": 270, "texture": "#5"},
				"down": {"uv": [2.95, 9, 2.75, 12.5], "rotation": 270, "texture": "#5"}
			}
		},
		{
			"from": [6.25, 8.7, 8.95],
			"to": [9.75, 8.9, 9.15],
			"rotation": {"angle": 0, "axis": "z", "origin": [9, 8.15, 7.95]},
			"faces": {
				"north": {"uv": [2, 9, 2.2, 12.5], "rotation": 90, "texture": "#5"},
				"east": {"uv": [2, 9, 2.2, 9.2], "rotation": 270, "texture": "#5"},
				"south": {"uv": [2.75, 9, 2.95, 12.5], "rotation": 270, "texture": "#5"},
				"west": {"uv": [2.75, 9, 2.95, 9.2], "rotation": 270, "texture": "#5"},
				"up": {"uv": [2.2, 9, 2, 12.5], "rotation": 270, "texture": "#5"},
				"down": {"uv": [2.95, 9, 2.75, 12.5], "rotation": 270, "texture": "#5"}
			}
		},
		{
			"from": [6.25, 8.7, 9.45],
			"to": [9.75, 8.9, 9.65],
			"rotation": {"angle": 0, "axis": "z", "origin": [9, 8.15, 7.95]},
			"faces": {
				"north": {"uv": [2, 9, 2.2, 12.5], "rotation": 90, "texture": "#5"},
				"east": {"uv": [2, 9, 2.2, 9.2], "rotation": 270, "texture": "#5"},
				"south": {"uv": [2.75, 9, 2.95, 12.5], "rotation": 270, "texture": "#5"},
				"west": {"uv": [2.75, 9, 2.95, 9.2], "rotation": 270, "texture": "#5"},
				"up": {"uv": [2.2, 9, 2, 12.5], "rotation": 270, "texture": "#5"},
				"down": {"uv": [2.95, 9, 2.75, 12.5], "rotation": 270, "texture": "#5"}
			}
		},
		{
			"from": [10, 3, 8],
			"to": [11, 5, 10],
			"rotation": {"angle": -45, "axis": "z", "origin": [11, 5, 8]},
			"faces": {
				"north": {"uv": [1, 9, 2, 11], "texture": "#1"},
				"east": {"uv": [1, 9, 3, 11], "texture": "#1"},
				"south": {"uv": [1, 9, 2, 11], "texture": "#1"}
			}
		},
		{
			"from": [7.5, 1, 7],
			"to": [8.5, 2, 7.5],
			"rotation": {"angle": 0, "axis": "y", "origin": [16, 11, 6]},
			"faces": {
				"north": {"uv": [0, 0, 1, 1], "texture": "#1"},
				"east": {"uv": [0, 0, 0.5, 1], "texture": "#1"},
				"south": {"uv": [0, 0, 1, 1], "texture": "#1"},
				"west": {"uv": [0, 0, 0.5, 1], "texture": "#1"},
				"up": {"uv": [1, 0, 0, 0.5], "texture": "#1"},
				"down": {"uv": [1, 0, 0, 0.5], "texture": "#1"}
			}
		},
		{
			"from": [6.25, 2.25, 5.75],
			"to": [9.75, 5.75, 8.5],
			"rotation": {"angle": 0, "axis": "y", "origin": [16, 11, 7.5]},
			"faces": {
				"north": {"uv": [0.5, 14, 1.25, 14.75], "texture": "#3"},
				"east": {"uv": [0, 14, 0.5, 14.75], "texture": "#3"},
				"south": {"uv": [1.75, 14, 2.5, 14.75], "texture": "#3"},
				"west": {"uv": [1.25, 14, 1.75, 14.75], "texture": "#3"},
				"up": {"uv": [1.25, 14, 0.5, 13.5], "texture": "#3"},
				"down": {"uv": [2, 13.5, 1.25, 14], "texture": "#3"}
			}
		},
		{
			"from": [7, 3, 14.5],
			"to": [9, 5, 20.75],
			"rotation": {"angle": 0, "axis": "y", "origin": [16, 11, 16.25]},
			"faces": {
				"north": {"uv": [0.5, 14, 1.25, 14.75], "texture": "#3"},
				"east": {"uv": [0, 14, 0.5, 14.75], "texture": "#3"},
				"south": {"uv": [1.75, 14, 2.5, 14.75], "texture": "#3"},
				"west": {"uv": [1.25, 14, 1.75, 14.75], "texture": "#3"},
				"up": {"uv": [1.25, 14, 0.5, 13.5], "texture": "#3"},
				"down": {"uv": [2, 13.5, 1.25, 14], "texture": "#3"}
			}
		},
		{
			"from": [6.5, 2.5, 18],
			"to": [9.5, 5.5, 20.5],
			"rotation": {"angle": 0, "axis": "y", "origin": [16, 11, 20]},
			"faces": {
				"north": {"uv": [0, 0, 3, 3], "texture": "#4"},
				"east": {"uv": [0, 0, 2.5, 3], "texture": "#4"},
				"south": {"uv": [0, 0, 3, 3], "texture": "#4"},
				"west": {"uv": [0, 0, 2.5, 3], "texture": "#4"},
				"up": {"uv": [3, 2.5, 0, 0], "texture": "#4"},
				"down": {"uv": [3, 0, 0, 2.5], "texture": "#4"}
			}
		}
	],
	"display": {
		"thirdperson_righthand": {
			"rotation": [10, -10, 0],
			"translation": [0.75, 9.25, 1.75],
			"scale": [1.2, 1.2, 1.2]
		},
		"firstperson_righthand": {
			"rotation": [13, 5, 5],
			"translation": [11, 8.25, 0]
		},
		"ground": {
			"translation": [0, 9, 0],
			"scale": [1.5, 1.5, 1.5]
		},
		"gui": {
			"rotation": [30, 45, 0],
			"translation": [0.5, 3.25, 0],
			"scale": [1.3, 1.3, 1.3]
		},
		"head": {
			"translation": [0, 21.75, -2],
			"scale": [2.2, 2.2, 2.2]
		},
		"fixed": {
			"rotation": [-75, 0, 0],
			"translation": [0, 0.25, -19],
			"scale": [2, 2, 2]
		}
	},
	"groups": [
		{
			"name": "barrel",
			"origin": [20.5, 10.5, -5],
			"color": 0,
			"nbt": "{}",
			"armAnimationEnabled": false,
			"children": [0, 1, 2, 3, 4, 5, 6, 7, 8, 9, 10, 11, 12, 13, 14, 15, 16, 17, 18, 19, 20, 21, 22, 23, 24, 25, 26, 27, 28, 29, 30, 31, 32, 33, 34, 35, 36, 37, 38, 39]
		},
		{
			"name": "item",
			"origin": [16, 8.5, 14],
			"color": 0,
			"nbt": "{}",
			"armAnimationEnabled": false,
			"children": [40, 41, 42, 43, 44, 45, 46, 47, 48, 49, 50, 51, 52]
		},
		{
			"name": "details",
			"origin": [16, 8.25, 9.5],
			"color": 0,
			"nbt": "{}",
			"armAnimationEnabled": false,
			"children": [53, 54, 55, 56, 57, 58, 59, 60, 61, 62, 63, 64, 65]
		},
		{
			"name": "gun",
			"origin": [16, 8, 20.5],
			"color": 0,
			"nbt": "{}",
			"armAnimationEnabled": false,
			"children": [66, 67, 68, 69, 70, 71, 72, 73, 74, 75, 76, 77, 78, 79, 80, 81, 82, 83, 84, 85, 86, 87, 88, 89, 90]
		}
	]
}