{
	"__credit": "Generated using Animated Java (https://animated-java.dev/)",
	"textures": {
		"0": "minecraft:geek/ufo",
		"1": "minecraft:block/soul_campfire_fire",
		"2": "minecraft:geek/ufo_engine"
	},
	"elements": [
		{
			"faces": {
				"north": {"uv": [0, 2, 4, 3], "texture": "#0"},
				"south": {"uv": [4, 2, 0, 3], "texture": "#0"}
			},
			"to": [14.4, 11.7, 1.6],
			"from": [1.6, 5.3, 1.6],
			"rotation": {"angle": 0, "axis": "y", "origin": [8, -0.3, 8]}
		},
		{
			"faces": {
				"east": {"uv": [4, 2, 0, 3], "texture": "#0"},
				"west": {"uv": [0, 2, 4, 3], "texture": "#0"}
			},
			"to": [1.6, 11.7, 14.4],
			"from": [1.6, 5.3, 1.6],
			"rotation": {"angle": 0, "axis": "y", "origin": [8, -0.3, 8]}
		},
		{
			"faces": {
				"north": {"uv": [4, 4.25, 5.25, 4.875], "texture": "#0"},
				"east": {"uv": [5.25, 4.25, 6.5, 2.75], "rotation": 90, "texture": "#0"},
				"south": {"uv": [5.25, 4.25, 6.5, 4.875], "texture": "#0"},
				"west": {"uv": [5.25, 4.25, 6.5, 2.75], "rotation": 90, "texture": "#0"},
				"up": {"uv": [4, 2.75, 5.25, 4.25], "rotation": 180, "texture": "#0"},
				"down": {"uv": [5.25, 2.75, 4, 4.25], "texture": "#0"}
			},
			"to": [-0.8, 10.9, 16],
			"from": [-4.8, 6.9, 6.4],
			"rotation": {"angle": 0, "axis": "y", "origin": [5.6, 1.3, 11.2]}
		},
		{
			"faces": {
				"north": {"uv": [4, 4.25, 5.25, 4.875], "texture": "#0"},
				"east": {"uv": [5.25, 4.25, 6.5, 2.75], "rotation": 90, "texture": "#0"},
				"south": {"uv": [5.25, 4.25, 6.5, 4.875], "texture": "#0"},
				"west": {"uv": [5.25, 4.25, 6.5, 2.75], "rotation": 90, "texture": "#0"},
				"up": {"uv": [4, 2.75, 5.25, 4.25], "rotation": 180, "texture": "#0"},
				"down": {"uv": [5.25, 2.75, 4, 4.25], "texture": "#0"}
			},
			"to": [20.8, 10.9, 16],
			"from": [16.8, 6.9, 6.4],
			"rotation": {"angle": 0, "axis": "y", "origin": [27.2, 1.3, 11.2]}
		},
		{
			"faces": {
				"east": {"uv": [4, 8, 12, 0], "rotation": 90, "texture": "#1"},
				"west": {"uv": [4, 0, 12, 8], "rotation": 90, "texture": "#1"}
			},
			"to": [-4.4, 10.5, 19.2],
			"from": [-4.4, 7.3, 16],
			"rotation": {"angle": 0, "axis": "y", "origin": [-2.8, 8.9, 17.6]}
		},
		{
			"faces": {
				"up": {"uv": [4, 0, 12, 8], "rotation": 180, "texture": "#1"},
				"down": {"uv": [4, 8, 12, 0], "rotation": 180, "texture": "#1"}
			},
			"to": [-1.2, 10.5, 19.2],
			"from": [-4.4, 10.5, 16],
			"rotation": {"angle": 0, "axis": "y", "origin": [-2.8, 8.9, 17.6]}
		},
		{
			"faces": {
				"east": {"uv": [4, 0, 12, 8], "rotation": 270, "texture": "#1"},
				"west": {"uv": [4, 8, 12, 0], "rotation": 270, "texture": "#1"}
			},
			"to": [-1.2, 10.5, 19.2],
			"from": [-1.2, 7.3, 16],
			"rotation": {"angle": 0, "axis": "y", "origin": [-2.8, 8.9, 17.6]}
		},
		{
			"faces": {
				"up": {"uv": [4, 8, 12, 0], "texture": "#1"},
				"down": {"uv": [4, 0, 12, 8], "texture": "#1"}
			},
			"to": [-1.2, 7.3, 19.2],
			"from": [-4.4, 7.3, 16],
			"rotation": {"angle": 0, "axis": "y", "origin": [-2.8, 8.9, 17.6]}
		},
		{
			"faces": {
				"east": {"uv": [4, 0, 12, 8], "rotation": 270, "texture": "#1"},
				"west": {"uv": [4, 8, 12, 0], "rotation": 270, "texture": "#1"}
			},
			"to": [20.4, 10.5, 19.2],
			"from": [20.4, 7.3, 16],
			"rotation": {"angle": 0, "axis": "y", "origin": [18.8, 8.9, 17.6]}
		},
		{
			"faces": {
				"up": {"uv": [4, 8, 12, 0], "texture": "#1"},
				"down": {"uv": [4, 0, 12, 8], "texture": "#1"}
			},
			"to": [20.4, 7.3, 19.2],
			"from": [17.2, 7.3, 16],
			"rotation": {"angle": 0, "axis": "y", "origin": [18.8, 8.9, 17.6]}
		},
		{
			"faces": {
				"up": {"uv": [4, 0, 12, 8], "rotation": 180, "texture": "#1"},
				"down": {"uv": [4, 8, 12, 0], "rotation": 180, "texture": "#1"}
			},
			"to": [20.4, 10.5, 19.2],
			"from": [17.2, 10.5, 16],
			"rotation": {"angle": 0, "axis": "y", "origin": [18.8, 8.9, 17.6]}
		},
		{
			"faces": {
				"east": {"uv": [4, 8, 12, 0], "rotation": 90, "texture": "#1"},
				"west": {"uv": [4, 0, 12, 8], "rotation": 90, "texture": "#1"}
			},
			"to": [17.2, 10.5, 19.2],
			"from": [17.2, 7.3, 16],
			"rotation": {"angle": 0, "axis": "y", "origin": [18.8, 8.9, 17.6]}
		},
		{
			"faces": {
				"north": {"uv": [5.125, 2.375, 5.875, 2.75], "texture": "#0"},
				"east": {"uv": [5.875, 2.375, 5.125, 2.75], "texture": "#0"},
				"south": {"uv": [5.125, 2.375, 5.875, 2.75], "texture": "#0"},
				"west": {"uv": [5.125, 2.375, 5.875, 2.75], "texture": "#0"},
				"up": {"uv": [5.125, 2.375, 5.875, 2.75], "texture": "#0"},
				"down": {"uv": [5.125, 2.375, 5.875, 2.75], "texture": "#0"}
			},
			"to": [-1.6, 10.1, 6.4],
			"from": [-4, 7.7, 4],
			"rotation": {"angle": 0, "axis": "y", "origin": [5.6, 1.3, 8.8]}
		},
		{
			"faces": {
				"north": {"uv": [5.125, 2.375, 5.875, 2.75], "texture": "#0"},
				"east": {"uv": [5.875, 2.375, 5.125, 2.75], "texture": "#0"},
				"south": {"uv": [5.125, 2.375, 5.875, 2.75], "texture": "#0"},
				"west": {"uv": [5.125, 2.375, 5.875, 2.75], "texture": "#0"},
				"up": {"uv": [5.125, 2.375, 5.875, 2.75], "texture": "#0"},
				"down": {"uv": [5.125, 2.375, 5.875, 2.75], "texture": "#0"}
			},
			"to": [20, 10.1, 6.4],
			"from": [17.6, 7.7, 4],
			"rotation": {"angle": 0, "axis": "y", "origin": [27.2, 1.3, 8.8]}
		},
		{
			"faces": {
				"up": {"uv": [4, 2, 0, 0], "texture": "#0"},
				"down": {"uv": [4, 0, 0, 2], "texture": "#0"}
			},
			"to": [14.4, 11.7, 14.4],
			"from": [1.6, 11.7, 1.6],
			"rotation": {"angle": 0, "axis": "y", "origin": [8, -0.3, 8]}
		},
		{
			"faces": {
				"north": {"uv": [4, 2, 0, 3], "texture": "#0"},
				"south": {"uv": [0, 2, 4, 3], "texture": "#0"}
			},
			"to": [14.4, 11.7, 14.4],
			"from": [1.6, 5.3, 14.4],
			"rotation": {"angle": 0, "axis": "y", "origin": [8, -0.3, 8]}
		},
		{
			"faces": {
				"east": {"uv": [0, 2, 4, 3], "texture": "#0"},
				"west": {"uv": [4, 2, 0, 3], "texture": "#0"}
			},
			"to": [14.4, 11.7, 14.4],
			"from": [14.4, 5.3, 1.6],
			"rotation": {"angle": 0, "axis": "y", "origin": [8, -0.3, 8]}
		},
		{
			"faces": {
				"up": {"uv": [12.5, 2, 8.5, 0], "texture": "#0"}
			},
			"to": [14.4, 4.9, 14.4],
			"from": [1.6, 4.9, 1.6],
			"rotation": {"angle": 0, "axis": "y", "origin": [8, -0.3, 8]}
		},
		{
			"faces": {
				"north": {"uv": [8.5, 2, 9.75, 2.625], "texture": "#0"},
				"east": {"uv": [9.75, 2, 10, 2.625], "texture": "#0"},
				"south": {"uv": [8.5, 2, 9.75, 2.625], "texture": "#0"},
				"west": {"uv": [9.75, 2, 10, 2.625], "texture": "#0"},
				"up": {"uv": [10, 2, 9.75, 2.625], "rotation": 90, "texture": "#0"}
			},
			"to": [10, 8.3, 7.2],
			"from": [6, 4.3, 6.4],
			"rotation": {"angle": 22.5, "axis": "x", "origin": [8, 6.1, 6.6]}
		},
		{
			"faces": {
				"north": {"uv": [8.5, 2, 9.75, 2.625], "texture": "#0"},
				"east": {"uv": [9.75, 2, 10, 2.625], "texture": "#0"},
				"south": {"uv": [8.5, 2, 9.75, 2.625], "texture": "#0"},
				"west": {"uv": [9.75, 2, 10, 2.625], "texture": "#0"},
				"up": {"uv": [10, 2, 9.75, 2.625], "rotation": 90, "texture": "#0"}
			},
			"to": [10, 8.3, 12.8],
			"from": [6, 4.3, 12],
			"rotation": {"angle": 22.5, "axis": "x", "origin": [8, 6.1, 12.2]}
		},
		{
			"faces": {
				"north": {"uv": [10.25, 2, 10.5, 2.125], "texture": "#0"},
				"east": {"uv": [10, 2, 10.25, 2.625], "rotation": 90, "texture": "#0"},
				"south": {"uv": [10.25, 2, 10.5, 2.125], "texture": "#0"},
				"west": {"uv": [10, 2, 10.25, 2.625], "rotation": 90, "texture": "#0"},
				"up": {"uv": [10.25, 2.625, 10, 2], "texture": "#0"},
				"down": {"uv": [10, 2, 10.25, 2.625], "texture": "#0"}
			},
			"to": [10.8, 6.5, 7.2],
			"from": [10, 5.7, 3.2],
			"rotation": {"angle": 0, "axis": "y", "origin": [10.4, 6.3, 6.6]}
		},
		{
			"faces": {
				"north": {"uv": [10.25, 2, 10.5, 2.125], "texture": "#0"},
				"east": {"uv": [10, 2, 10.25, 2.625], "rotation": 90, "texture": "#0"},
				"south": {"uv": [10.25, 2, 10.5, 2.125], "texture": "#0"},
				"west": {"uv": [10, 2, 10.25, 2.625], "rotation": 90, "texture": "#0"},
				"up": {"uv": [10.25, 2.625, 10, 2], "texture": "#0"},
				"down": {"uv": [10, 2, 10.25, 2.625], "texture": "#0"}
			},
			"to": [6, 6.5, 7.2],
			"from": [5.2, 5.7, 3.2],
			"rotation": {"angle": 0, "axis": "y", "origin": [5.6, 6.3, 6.6]}
		},
		{
			"faces": {
				"north": {"uv": [10.25, 2, 10.5, 2.125], "texture": "#0"},
				"east": {"uv": [10, 2, 10.25, 2.625], "rotation": 90, "texture": "#0"},
				"south": {"uv": [10.25, 2, 10.5, 2.125], "texture": "#0"},
				"west": {"uv": [10, 2, 10.25, 2.625], "rotation": 90, "texture": "#0"},
				"up": {"uv": [10.25, 2.625, 10, 2], "texture": "#0"},
				"down": {"uv": [10, 2, 10.25, 2.625], "texture": "#0"}
			},
			"to": [6, 6.5, 12.8],
			"from": [5.2, 5.7, 8.8],
			"rotation": {"angle": 0, "axis": "y", "origin": [5.6, 6.3, 12.2]}
		},
		{
			"faces": {
				"north": {"uv": [10.25, 2, 10.5, 2.125], "texture": "#0"},
				"east": {"uv": [10, 2, 10.25, 2.625], "rotation": 90, "texture": "#0"},
				"south": {"uv": [10.25, 2, 10.5, 2.125], "texture": "#0"},
				"west": {"uv": [10, 2, 10.25, 2.625], "rotation": 90, "texture": "#0"},
				"up": {"uv": [10.25, 2.625, 10, 2], "texture": "#0"},
				"down": {"uv": [10, 2, 10.25, 2.625], "texture": "#0"}
			},
			"to": [10.8, 6.5, 12.8],
			"from": [10, 5.7, 8.8],
			"rotation": {"angle": 0, "axis": "y", "origin": [10.4, 6.3, 12.2]}
		},
		{
			"faces": {
				"north": {"uv": [4.3125, 0, 8.3125, 0.125], "texture": "#0"},
				"south": {"uv": [4.25, 0.25, 8.25, 0.375], "texture": "#0"},
				"up": {"uv": [8.25, 2.375, 4.25, 2.25], "texture": "#0"}
			},
			"to": [14.4, 5.3, 1.6],
			"from": [1.6, 4.5, 0.8],
			"rotation": {"angle": 0, "axis": "y", "origin": [8, -0.3, 8]}
		},
		{
			"faces": {
				"north": {"uv": [4.25, 0.25, 8.25, 0.375], "texture": "#0"},
				"south": {"uv": [4.25, 0, 8.25, 0.125], "texture": "#0"},
				"up": {"uv": [8.25, 0.25, 4.25, 0.125], "texture": "#0"}
			},
			"to": [14.4, 5.3, 15.2],
			"from": [1.6, 4.5, 14.4],
			"rotation": {"angle": 0, "axis": "y", "origin": [8, -0.3, 8]}
		},
		{
			"faces": {
				"north": {"uv": [4, 0, 4.25, 0.125], "texture": "#0"},
				"east": {"uv": [4, 0, 8.5, 0.125], "texture": "#0"},
				"south": {"uv": [8.25, 0, 8.5, 0.125], "texture": "#0"},
				"west": {"uv": [4, 0.25, 8.5, 0.375], "texture": "#0"},
				"up": {"uv": [4.25, 2.375, 4, 0.125], "texture": "#0"}
			},
			"to": [15.2, 5.3, 15.2],
			"from": [14.4, 4.5, 0.8],
			"rotation": {"angle": 0, "axis": "y", "origin": [8, -0.3, 8]}
		},
		{
			"faces": {
				"north": {"uv": [4, 2.625, 5.125, 2.75], "texture": "#0"},
				"south": {"uv": [4, 2.625, 5.125, 2.75], "texture": "#0"},
				"up": {"uv": [5.125, 2.625, 4, 2.375], "texture": "#0"},
				"down": {"uv": [4, 2.375, 5.125, 2.625], "texture": "#0"}
			},
			"to": [18.8, 5.3, 14.4],
			"from": [15.2, 4.5, 12.8],
			"rotation": {"angle": 45, "axis": "z", "origin": [15.2, 4.5, 13.4]}
		},
		{
			"faces": {
				"north": {"uv": [4, 2.625, 5.125, 2.75], "texture": "#0"},
				"south": {"uv": [4, 2.625, 5.125, 2.75], "texture": "#0"},
				"up": {"uv": [5.125, 2.625, 4, 2.375], "texture": "#0"},
				"down": {"uv": [4, 2.375, 5.125, 2.625], "texture": "#0"}
			},
			"to": [18.8, 5.3, 9.6],
			"from": [15.2, 4.5, 8],
			"rotation": {"angle": 45, "axis": "z", "origin": [15.2, 4.5, 8.6]}
		},
		{
			"faces": {
				"north": {"uv": [4, 2.625, 5.125, 2.75], "rotation": 180, "texture": "#0"},
				"south": {"uv": [4, 2.625, 5.125, 2.75], "rotation": 180, "texture": "#0"},
				"up": {"uv": [4, 2.375, 5.125, 2.625], "rotation": 180, "texture": "#0"},
				"down": {"uv": [5.125, 2.625, 4, 2.375], "rotation": 180, "texture": "#0"}
			},
			"to": [0.8, 5.3, 9.6],
			"from": [-2.8, 4.5, 8],
			"rotation": {"angle": -45, "axis": "z", "origin": [0.8, 4.5, 9]}
		},
		{
			"faces": {
				"north": {"uv": [4, 2.625, 5.125, 2.75], "rotation": 180, "texture": "#0"},
				"south": {"uv": [4, 2.625, 5.125, 2.75], "rotation": 180, "texture": "#0"},
				"up": {"uv": [4, 2.375, 5.125, 2.625], "rotation": 180, "texture": "#0"},
				"down": {"uv": [5.125, 2.625, 4, 2.375], "rotation": 180, "texture": "#0"}
			},
			"to": [0.8, 5.3, 14.4],
			"from": [-2.8, 4.5, 12.8],
			"rotation": {"angle": -45, "axis": "z", "origin": [0.8, 4.5, 13.8]}
		},
		{
			"faces": {
				"north": {"uv": [8.25, 0, 8.5, 0.125], "texture": "#0"},
				"east": {"uv": [4, 0.25, 8.5, 0.375], "texture": "#0"},
				"south": {"uv": [4, 0, 4.25, 0.125], "texture": "#0"},
				"west": {"uv": [4, 0, 8.5, 0.125], "texture": "#0"},
				"up": {"uv": [8.5, 2.375, 8.25, 0.125], "texture": "#0"}
			},
			"to": [1.6, 5.3, 15.2],
			"from": [0.8, 4.5, 0.8],
			"rotation": {"angle": 0, "axis": "y", "origin": [8, -0.3, 8]}
		},
		{
			"faces": {
				"north": {"uv": [0, 5, 4, 5.125], "texture": "#0"},
				"east": {"uv": [0, 5, 4, 5.125], "texture": "#0"},
				"south": {"uv": [0, 5, 4, 5.125], "texture": "#0"},
				"west": {"uv": [0, 5, 4, 5.125], "texture": "#0"},
				"down": {"uv": [4, 3, 0, 5], "texture": "#0"}
			},
			"to": [14.4, -0.3, 14.4],
			"from": [1.6, -1.1, 1.6],
			"rotation": {"angle": 0, "axis": "y", "origin": [8, -0.3, 8]}
		},
		{
			"faces": {
				"north": {"uv": [0, 5.125, 3.5, 5.25], "texture": "#0"},
				"east": {"uv": [0, 5.125, 3.5, 5.25], "texture": "#0"},
				"south": {"uv": [0, 5.125, 3.5, 5.25], "texture": "#0"},
				"west": {"uv": [0, 5.125, 3.5, 5.25], "texture": "#0"},
				"down": {"uv": [0, 0, 16, 8.5], "texture": "#2"}
			},
			"to": [13.6, -1.1, 13.6],
			"from": [2.4, -1.9, 2.4],
			"rotation": {"angle": 0, "axis": "y", "origin": [8, -0.3, 8]}
		}
	],
	"display": {
		"head": {
			"translation": [0, 27, 0],
			"scale": [4, 4, 4],
			"rotation": [0, 0, 0]
		}
	}
}