{
	"credit": "Made with Blockbench",
	"texture_size": [128, 256],
	"textures": {
		"0": "geek/ufo",
		"1": "block/soul_campfire_fire",
		"2": "geek/ufo_engine"
	},
	"elements": [
		{
			"from": [-4, 0, -4],
			"to": [20, 2, 20],
			"rotation": {"angle": 0, "axis": "y", "origin": [8, 0, 8]},
			"faces": {
				"north": {"uv": [0, 12.125, 6, 12.375], "texture": "#0"},
				"east": {"uv": [0, 12.125, 6, 12.375], "texture": "#0"},
				"south": {"uv": [0, 12.125, 6, 12.375], "texture": "#0"},
				"west": {"uv": [0, 12.125, 6, 12.375], "texture": "#0"},
				"up": {"uv": [6, 12.125, 0, 9.125], "texture": "#0"},
				"down": {"uv": [12, 9.125, 6, 12.125], "texture": "#0"}
			}
		},
		{
			"from": [-5, 2, -5],
			"to": [21, 4, 21],
			"rotation": {"angle": 0, "axis": "y", "origin": [8, 0, 8]},
			"faces": {
				"north": {"uv": [0, 8.875, 6.5, 9.125], "texture": "#0"},
				"east": {"uv": [0, 8.875, 6.5, 9.125], "texture": "#0"},
				"south": {"uv": [0, 8.875, 6.5, 9.125], "texture": "#0"},
				"west": {"uv": [0, 8.875, 6.5, 9.125], "texture": "#0"},
				"up": {"uv": [6.5, 8.875, 0, 5.625], "texture": "#0"},
				"down": {"uv": [13, 5.625, 6.5, 8.875], "texture": "#0"}
			}
		},
		{
			"from": [-4, 4, -4],
			"to": [20, 6, 20],
			"rotation": {"angle": 0, "axis": "y", "origin": [8, 0, 8]},
			"faces": {
				"north": {"uv": [0, 12.125, 6, 12.375], "texture": "#0"},
				"east": {"uv": [0, 12.125, 6, 12.375], "texture": "#0"},
				"south": {"uv": [0, 12.125, 6, 12.375], "texture": "#0"},
				"west": {"uv": [0, 12.125, 6, 12.375], "texture": "#0"},
				"up": {"uv": [6, 12.125, 0, 9.125], "texture": "#0"},
				"down": {"uv": [12, 9.125, 6, 12.125], "texture": "#0"}
			}
		},
		{
			"from": [0, 7, 0],
			"to": [16, 15, 0],
			"rotation": {"angle": 0, "axis": "y", "origin": [8, 0, 8]},
			"faces": {
				"north": {"uv": [0, 2, 4, 3], "texture": "#0"},
				"south": {"uv": [4, 2, 0, 3], "texture": "#0"}
			}
		},
		{
			"from": [0, 7, 0],
			"to": [0, 15, 16],
			"rotation": {"angle": 0, "axis": "y", "origin": [8, 0, 8]},
			"faces": {
				"east": {"uv": [4, 2, 0, 3], "texture": "#0"},
				"west": {"uv": [0, 2, 4, 3], "texture": "#0"}
			}
		},
		{
			"from": [-8, 9, 6],
			"to": [-3, 14, 18],
			"rotation": {"angle": 0, "axis": "y", "origin": [5, 2, 12]},
			"faces": {
				"north": {"uv": [4, 4.25, 5.25, 4.875], "texture": "#0"},
				"east": {"uv": [5.25, 4.25, 6.5, 2.75], "rotation": 90, "texture": "#0"},
				"south": {"uv": [5.25, 4.25, 6.5, 4.875], "texture": "#0"},
				"west": {"uv": [5.25, 4.25, 6.5, 2.75], "rotation": 90, "texture": "#0"},
				"up": {"uv": [4, 2.75, 5.25, 4.25], "rotation": 180, "texture": "#0"},
				"down": {"uv": [5.25, 2.75, 4, 4.25], "texture": "#0"}
			}
		},
		{
			"from": [19, 9, 6],
			"to": [24, 14, 18],
			"rotation": {"angle": 0, "axis": "y", "origin": [32, 2, 12]},
			"faces": {
				"north": {"uv": [4, 4.25, 5.25, 4.875], "texture": "#0"},
				"east": {"uv": [5.25, 4.25, 6.5, 2.75], "rotation": 90, "texture": "#0"},
				"south": {"uv": [5.25, 4.25, 6.5, 4.875], "texture": "#0"},
				"west": {"uv": [5.25, 4.25, 6.5, 2.75], "rotation": 90, "texture": "#0"},
				"up": {"uv": [4, 2.75, 5.25, 4.25], "rotation": 180, "texture": "#0"},
				"down": {"uv": [5.25, 2.75, 4, 4.25], "texture": "#0"}
			}
		},
		{
			"from": [-7.5, 9.5, 18],
			"to": [-7.5, 13.5, 22],
			"rotation": {"angle": 0, "axis": "y", "origin": [-5.5, 11.5, 20]},
			"faces": {
				"east": {"uv": [4, 8, 12, 0], "rotation": 90, "texture": "#1"},
				"west": {"uv": [4, 0, 12, 8], "rotation": 90, "texture": "#1"}
			}
		},
		{
			"from": [-7.5, 13.5, 18],
			"to": [-3.5, 13.5, 22],
			"rotation": {"angle": 0, "axis": "y", "origin": [-5.5, 11.5, 20]},
			"faces": {
				"up": {"uv": [4, 0, 12, 8], "rotation": 180, "texture": "#1"},
				"down": {"uv": [4, 8, 12, 0], "rotation": 180, "texture": "#1"}
			}
		},
		{
			"from": [-3.5, 9.5, 18],
			"to": [-3.5, 13.5, 22],
			"rotation": {"angle": 0, "axis": "y", "origin": [-5.5, 11.5, 20]},
			"faces": {
				"east": {"uv": [4, 0, 12, 8], "rotation": 270, "texture": "#1"},
				"west": {"uv": [4, 8, 12, 0], "rotation": 270, "texture": "#1"}
			}
		},
		{
			"from": [-7.5, 9.5, 18],
			"to": [-3.5, 9.5, 22],
			"rotation": {"angle": 0, "axis": "y", "origin": [-5.5, 11.5, 20]},
			"faces": {
				"up": {"uv": [4, 8, 12, 0], "texture": "#1"},
				"down": {"uv": [4, 0, 12, 8], "texture": "#1"}
			}
		},
		{
			"from": [23.5, 9.5, 18],
			"to": [23.5, 13.5, 22],
			"rotation": {"angle": 0, "axis": "y", "origin": [21.5, 11.5, 20]},
			"faces": {
				"east": {"uv": [4, 0, 12, 8], "rotation": 270, "texture": "#1"},
				"west": {"uv": [4, 8, 12, 0], "rotation": 270, "texture": "#1"}
			}
		},
		{
			"from": [19.5, 9.5, 18],
			"to": [23.5, 9.5, 22],
			"rotation": {"angle": 0, "axis": "y", "origin": [21.5, 11.5, 20]},
			"faces": {
				"up": {"uv": [4, 8, 12, 0], "texture": "#1"},
				"down": {"uv": [4, 0, 12, 8], "texture": "#1"}
			}
		},
		{
			"from": [19.5, 13.5, 18],
			"to": [23.5, 13.5, 22],
			"rotation": {"angle": 0, "axis": "y", "origin": [21.5, 11.5, 20]},
			"faces": {
				"up": {"uv": [4, 0, 12, 8], "rotation": 180, "texture": "#1"},
				"down": {"uv": [4, 8, 12, 0], "rotation": 180, "texture": "#1"}
			}
		},
		{
			"from": [19.5, 9.5, 18],
			"to": [19.5, 13.5, 22],
			"rotation": {"angle": 0, "axis": "y", "origin": [21.5, 11.5, 20]},
			"faces": {
				"east": {"uv": [4, 8, 12, 0], "rotation": 90, "texture": "#1"},
				"west": {"uv": [4, 0, 12, 8], "rotation": 90, "texture": "#1"}
			}
		},
		{
			"from": [-7, 10, 3],
			"to": [-4, 13, 6],
			"rotation": {"angle": 0, "axis": "y", "origin": [5, 2, 9]},
			"faces": {
				"north": {"uv": [5.125, 2.375, 5.875, 2.75], "texture": "#0"},
				"east": {"uv": [5.875, 2.375, 5.125, 2.75], "texture": "#0"},
				"south": {"uv": [5.125, 2.375, 5.875, 2.75], "texture": "#0"},
				"west": {"uv": [5.125, 2.375, 5.875, 2.75], "texture": "#0"},
				"up": {"uv": [5.125, 2.375, 5.875, 2.75], "texture": "#0"},
				"down": {"uv": [5.125, 2.375, 5.875, 2.75], "texture": "#0"}
			}
		},
		{
			"from": [20, 10, 3],
			"to": [23, 13, 6],
			"rotation": {"angle": 0, "axis": "y", "origin": [32, 2, 9]},
			"faces": {
				"north": {"uv": [5.125, 2.375, 5.875, 2.75], "texture": "#0"},
				"east": {"uv": [5.875, 2.375, 5.125, 2.75], "texture": "#0"},
				"south": {"uv": [5.125, 2.375, 5.875, 2.75], "texture": "#0"},
				"west": {"uv": [5.125, 2.375, 5.875, 2.75], "texture": "#0"},
				"up": {"uv": [5.125, 2.375, 5.875, 2.75], "texture": "#0"},
				"down": {"uv": [5.125, 2.375, 5.875, 2.75], "texture": "#0"}
			}
		},
		{
			"from": [0, 15, 0],
			"to": [16, 15, 16],
			"rotation": {"angle": 0, "axis": "y", "origin": [8, 0, 8]},
			"faces": {
				"up": {"uv": [4, 2, 0, 0], "texture": "#0"},
				"down": {"uv": [4, 0, 0, 2], "texture": "#0"}
			}
		},
		{
			"from": [0, 7, 16],
			"to": [16, 15, 16],
			"rotation": {"angle": 0, "axis": "y", "origin": [8, 0, 8]},
			"faces": {
				"north": {"uv": [4, 2, 0, 3], "texture": "#0"},
				"south": {"uv": [0, 2, 4, 3], "texture": "#0"}
			}
		},
		{
			"from": [16, 7, 0],
			"to": [16, 15, 16],
			"rotation": {"angle": 0, "axis": "y", "origin": [8, 0, 8]},
			"faces": {
				"east": {"uv": [0, 2, 4, 3], "texture": "#0"},
				"west": {"uv": [4, 2, 0, 3], "texture": "#0"}
			}
		},
		{
			"from": [0, 6.5, 0],
			"to": [16, 6.5, 16],
			"rotation": {"angle": 0, "axis": "y", "origin": [8, 0, 8]},
			"faces": {
				"up": {"uv": [12.5, 2, 8.5, 0], "texture": "#0"}
			}
		},
		{
			"from": [5.5, 5.75, 6],
			"to": [10.5, 10.75, 7],
			"rotation": {"angle": 22.5, "axis": "x", "origin": [8, 8, 6.25]},
			"faces": {
				"north": {"uv": [8.5, 2, 9.75, 2.625], "texture": "#0"},
				"east": {"uv": [9.75, 2, 10, 2.625], "texture": "#0"},
				"south": {"uv": [8.5, 2, 9.75, 2.625], "texture": "#0"},
				"west": {"uv": [9.75, 2, 10, 2.625], "texture": "#0"},
				"up": {"uv": [10, 2, 9.75, 2.625], "rotation": 90, "texture": "#0"}
			}
		},
		{
			"from": [5.5, 5.75, 13],
			"to": [10.5, 10.75, 14],
			"rotation": {"angle": 22.5, "axis": "x", "origin": [8, 8, 13.25]},
			"faces": {
				"north": {"uv": [8.5, 2, 9.75, 2.625], "texture": "#0"},
				"east": {"uv": [9.75, 2, 10, 2.625], "texture": "#0"},
				"south": {"uv": [8.5, 2, 9.75, 2.625], "texture": "#0"},
				"west": {"uv": [9.75, 2, 10, 2.625], "texture": "#0"},
				"up": {"uv": [10, 2, 9.75, 2.625], "rotation": 90, "texture": "#0"}
			}
		},
		{
			"from": [10.5, 7.5, 2],
			"to": [11.5, 8.5, 7],
			"rotation": {"angle": 0, "axis": "y", "origin": [11, 8.25, 6.25]},
			"faces": {
				"north": {"uv": [10.25, 2, 10.5, 2.125], "texture": "#0"},
				"east": {"uv": [10, 2, 10.25, 2.625], "rotation": 90, "texture": "#0"},
				"south": {"uv": [10.25, 2, 10.5, 2.125], "texture": "#0"},
				"west": {"uv": [10, 2, 10.25, 2.625], "rotation": 90, "texture": "#0"},
				"up": {"uv": [10.25, 2.625, 10, 2], "texture": "#0"},
				"down": {"uv": [10, 2, 10.25, 2.625], "texture": "#0"}
			}
		},
		{
			"from": [4.5, 7.5, 2],
			"to": [5.5, 8.5, 7],
			"rotation": {"angle": 0, "axis": "y", "origin": [5, 8.25, 6.25]},
			"faces": {
				"north": {"uv": [10.25, 2, 10.5, 2.125], "texture": "#0"},
				"east": {"uv": [10, 2, 10.25, 2.625], "rotation": 90, "texture": "#0"},
				"south": {"uv": [10.25, 2, 10.5, 2.125], "texture": "#0"},
				"west": {"uv": [10, 2, 10.25, 2.625], "rotation": 90, "texture": "#0"},
				"up": {"uv": [10.25, 2.625, 10, 2], "texture": "#0"},
				"down": {"uv": [10, 2, 10.25, 2.625], "texture": "#0"}
			}
		},
		{
			"from": [4.5, 7.5, 9],
			"to": [5.5, 8.5, 14],
			"rotation": {"angle": 0, "axis": "y", "origin": [5, 8.25, 13.25]},
			"faces": {
				"north": {"uv": [10.25, 2, 10.5, 2.125], "texture": "#0"},
				"east": {"uv": [10, 2, 10.25, 2.625], "rotation": 90, "texture": "#0"},
				"south": {"uv": [10.25, 2, 10.5, 2.125], "texture": "#0"},
				"west": {"uv": [10, 2, 10.25, 2.625], "rotation": 90, "texture": "#0"},
				"up": {"uv": [10.25, 2.625, 10, 2], "texture": "#0"},
				"down": {"uv": [10, 2, 10.25, 2.625], "texture": "#0"}
			}
		},
		{
			"from": [10.5, 7.5, 9],
			"to": [11.5, 8.5, 14],
			"rotation": {"angle": 0, "axis": "y", "origin": [11, 8.25, 13.25]},
			"faces": {
				"north": {"uv": [10.25, 2, 10.5, 2.125], "texture": "#0"},
				"east": {"uv": [10, 2, 10.25, 2.625], "rotation": 90, "texture": "#0"},
				"south": {"uv": [10.25, 2, 10.5, 2.125], "texture": "#0"},
				"west": {"uv": [10, 2, 10.25, 2.625], "rotation": 90, "texture": "#0"},
				"up": {"uv": [10.25, 2.625, 10, 2], "texture": "#0"},
				"down": {"uv": [10, 2, 10.25, 2.625], "texture": "#0"}
			}
		},
		{
			"from": [0, 6, -1],
			"to": [16, 7, 0],
			"rotation": {"angle": 0, "axis": "y", "origin": [8, 0, 8]},
			"faces": {
				"north": {"uv": [4.3125, 0, 8.3125, 0.125], "texture": "#0"},
				"south": {"uv": [4.25, 0.25, 8.25, 0.375], "texture": "#0"},
				"up": {"uv": [8.25, 2.375, 4.25, 2.25], "texture": "#0"}
			}
		},
		{
			"from": [0, 6, 16],
			"to": [16, 7, 17],
			"rotation": {"angle": 0, "axis": "y", "origin": [8, 0, 8]},
			"faces": {
				"north": {"uv": [4.25, 0.25, 8.25, 0.375], "texture": "#0"},
				"south": {"uv": [4.25, 0, 8.25, 0.125], "texture": "#0"},
				"up": {"uv": [8.25, 0.25, 4.25, 0.125], "texture": "#0"}
			}
		},
		{
			"from": [16, 6, -1],
			"to": [17, 7, 17],
			"rotation": {"angle": 0, "axis": "y", "origin": [8, 0, 8]},
			"faces": {
				"north": {"uv": [4, 0, 4.25, 0.125], "texture": "#0"},
				"east": {"uv": [4, 0, 8.5, 0.125], "texture": "#0"},
				"south": {"uv": [8.25, 0, 8.5, 0.125], "texture": "#0"},
				"west": {"uv": [4, 0.25, 8.5, 0.375], "texture": "#0"},
				"up": {"uv": [4.25, 2.375, 4, 0.125], "texture": "#0"}
			}
		},
		{
			"from": [17, 6, 14],
			"to": [21.5, 7, 16],
			"rotation": {"angle": 45, "axis": "z", "origin": [17, 6, 14.75]},
			"faces": {
				"north": {"uv": [4, 2.625, 5.125, 2.75], "texture": "#0"},
				"south": {"uv": [4, 2.625, 5.125, 2.75], "texture": "#0"},
				"up": {"uv": [5.125, 2.625, 4, 2.375], "texture": "#0"},
				"down": {"uv": [4, 2.375, 5.125, 2.625], "texture": "#0"}
			}
		},
		{
			"from": [17, 6, 8],
			"to": [21.5, 7, 10],
			"rotation": {"angle": 45, "axis": "z", "origin": [17, 6, 8.75]},
			"faces": {
				"north": {"uv": [4, 2.625, 5.125, 2.75], "texture": "#0"},
				"south": {"uv": [4, 2.625, 5.125, 2.75], "texture": "#0"},
				"up": {"uv": [5.125, 2.625, 4, 2.375], "texture": "#0"},
				"down": {"uv": [4, 2.375, 5.125, 2.625], "texture": "#0"}
			}
		},
		{
			"from": [-5.5, 6, 8],
			"to": [-1, 7, 10],
			"rotation": {"angle": -45, "axis": "z", "origin": [-1, 6, 9.25]},
			"faces": {
				"north": {"uv": [4, 2.625, 5.125, 2.75], "rotation": 180, "texture": "#0"},
				"south": {"uv": [4, 2.625, 5.125, 2.75], "rotation": 180, "texture": "#0"},
				"up": {"uv": [4, 2.375, 5.125, 2.625], "rotation": 180, "texture": "#0"},
				"down": {"uv": [5.125, 2.625, 4, 2.375], "rotation": 180, "texture": "#0"}
			}
		},
		{
			"from": [-5.5, 6, 14],
			"to": [-1, 7, 16],
			"rotation": {"angle": -45, "axis": "z", "origin": [-1, 6, 15.25]},
			"faces": {
				"north": {"uv": [4, 2.625, 5.125, 2.75], "rotation": 180, "texture": "#0"},
				"south": {"uv": [4, 2.625, 5.125, 2.75], "rotation": 180, "texture": "#0"},
				"up": {"uv": [4, 2.375, 5.125, 2.625], "rotation": 180, "texture": "#0"},
				"down": {"uv": [5.125, 2.625, 4, 2.375], "rotation": 180, "texture": "#0"}
			}
		},
		{
			"from": [-1, 6, -1],
			"to": [0, 7, 17],
			"rotation": {"angle": 0, "axis": "y", "origin": [8, 0, 8]},
			"faces": {
				"north": {"uv": [8.25, 0, 8.5, 0.125], "texture": "#0"},
				"east": {"uv": [4, 0.25, 8.5, 0.375], "texture": "#0"},
				"south": {"uv": [4, 0, 4.25, 0.125], "texture": "#0"},
				"west": {"uv": [4, 0, 8.5, 0.125], "texture": "#0"},
				"up": {"uv": [8.5, 2.375, 8.25, 0.125], "texture": "#0"}
			}
		},
		{
			"from": [0, -1, 0],
			"to": [16, 0, 16],
			"rotation": {"angle": 0, "axis": "y", "origin": [8, 0, 8]},
			"faces": {
				"north": {"uv": [0, 5, 4, 5.125], "texture": "#0"},
				"east": {"uv": [0, 5, 4, 5.125], "texture": "#0"},
				"south": {"uv": [0, 5, 4, 5.125], "texture": "#0"},
				"west": {"uv": [0, 5, 4, 5.125], "texture": "#0"},
				"down": {"uv": [4, 3, 0, 5], "texture": "#0"}
			}
		},
		{
			"from": [1, -2, 1],
			"to": [15, -1, 15],
			"rotation": {"angle": 0, "axis": "y", "origin": [8, 0, 8]},
			"faces": {
				"north": {"uv": [0, 5.125, 3.5, 5.25], "texture": "#0"},
				"east": {"uv": [0, 5.125, 3.5, 5.25], "texture": "#0"},
				"south": {"uv": [0, 5.125, 3.5, 5.25], "texture": "#0"},
				"west": {"uv": [0, 5.125, 3.5, 5.25], "texture": "#0"},
				"down": {"uv": [0, 0, 16, 8.5], "texture": "#2"}
			}
		}
	],
	"display": {
		"thirdperson_righthand": {
			"translation": [0, 10, 0]
		},
		"thirdperson_lefthand": {
			"translation": [0, 10, 0]
		},
		"firstperson_righthand": {
			"translation": [0, 4, 0],
			"scale": [0.6, 0.6, 0.6]
		},
		"firstperson_lefthand": {
			"translation": [0, 4, 0],
			"scale": [0.6, 0.6, 0.6]
		},
		"ground": {
			"translation": [0, 6.75, 0]
		},
		"gui": {
			"rotation": [30, 45, 0],
			"translation": [0, 7, 0]
		},
		"fixed": {
			"translation": [0, 1, -3],
			"scale": [0.5, 0.5, 0.5]
		}
	},
	"groups": [
		{
			"name": "root",
			"origin": [0, 0, 0],
			"color": 0,
			"nbt": "{}",
			"armAnimationEnabled": false,
			"children": [
				{
					"name": "slice1",
					"origin": [0, 0, 0],
					"color": 0,
					"nbt": "{}",
					"armAnimationEnabled": false,
					"children": [0]
				},
				{
					"name": "slice2",
					"origin": [0, 0, 0],
					"color": 0,
					"nbt": "{}",
					"armAnimationEnabled": false,
					"children": [1]
				},
				{
					"name": "slice3",
					"origin": [0, 0, 0],
					"color": 0,
					"nbt": "{}",
					"armAnimationEnabled": false,
					"children": [2]
				},
				{
					"name": "cockpit",
					"origin": [0, 6.625, 0],
					"color": 0,
					"nbt": "{}",
					"armAnimationEnabled": false,
					"children": [3, 4, 5, 6, 7, 8, 9, 10, 11, 12, 13, 14, 15, 16, 17, 18, 19, 20, 21, 22, 23, 24, 25, 26, 27, 28, 29, 30, 31, 32, 33, 34, 35, 36]
				}
			]
		}
	]
}