{
	"__credit": "Generated using Animated Java (https://animated-java.dev/)",
	"textures": {
		"0": "minecraft:geek/ufo"
	},
	"elements": [
		{
			"faces": {
				"north": {"uv": [0, 8.875, 6.5, 9.125], "texture": "#0"},
				"east": {"uv": [0, 8.875, 6.5, 9.125], "texture": "#0"},
				"south": {"uv": [0, 8.875, 6.5, 9.125], "texture": "#0"},
				"west": {"uv": [0, 8.875, 6.5, 9.125], "texture": "#0"},
				"up": {"uv": [6.5, 8.875, 0, 5.625], "texture": "#0"},
				"down": {"uv": [13, 5.625, 6.5, 8.875], "texture": "#0"}
			},
			"to": [18.4, 8.2, 18.4],
			"from": [-2.4, 6.6, -2.4],
			"rotation": {"angle": 0, "axis": "y", "origin": [8, 5, 8]}
		}
	],
	"display": {
		"head": {
			"translation": [0, 5.6, 0],
			"scale": [4, 4, 4],
			"rotation": [0, 0, 0]
		}
	}
}