{
	"__credit": "Generated using Animated Java (https://animated-java.dev/)",
	"textures": {
		"0": "minecraft:geek/ufo"
	},
	"elements": [
		{
			"faces": {
				"north": {"uv": [0, 12.125, 6, 12.375], "texture": "#0"},
				"east": {"uv": [0, 12.125, 6, 12.375], "texture": "#0"},
				"south": {"uv": [0, 12.125, 6, 12.375], "texture": "#0"},
				"west": {"uv": [0, 12.125, 6, 12.375], "texture": "#0"},
				"up": {"uv": [6, 12.125, 0, 9.125], "texture": "#0"},
				"down": {"uv": [12, 9.125, 6, 12.125], "texture": "#0"}
			},
			"to": [17.6, 9.8, 17.6],
			"from": [-1.6, 8.2, -1.6],
			"rotation": {"angle": 0, "axis": "y", "origin": [8, 5, 8]}
		}
	],
	"display": {
		"head": {
			"translation": [0, 5.6, 0],
			"scale": [4, 4, 4],
			"rotation": [0, 0, 0]
		}
	}
}